,Ticker,Open,Close,Date,Volume
0,WD,27.89,23.64,2016-01-15,1554887
1,WD,15.88,12.96,2013-10-04,4873700
2,WD,18.49,14.51,2013-08-09,1869700
3,SOR,68.21,35.49,2016-03-18,1588297
4,SOR,29.05,22.52,2008-11-21,91677
5,SOR,36.6,29.42,2008-11-14,76843
6,SOR,43.5,31.94,2008-10-10,143397
7,KSU,117.535,99.49,2014-01-24,17313300
8,KSU,55.16,46.0,2011-08-19,9551700
9,KSU,17.06,13.53,2009-03-06,16638000
10,KSU,21.39,17.79,2009-01-16,8012800
11,KSU,21.91,18.31,2008-11-21,10120000
12,KSU,28.99,22.74,2008-11-14,7831800
13,KSU,35.07,28.67,2008-10-10,12117300
14,KSU,46.75,36.17,2008-10-03,9954500
15,KSU,14.75,11.99,2001-03-16,2651400
16,KSU,89.56,6.875,2000-07-14,31888600
17,KSU,78.5,63.56,2000-04-14,7604600
18,DAL,6.14,5.02,2009-03-20,63326700
19,DAL,4.85,4.06,2009-03-06,83948600
20,DAL,6.81,5.56,2009-02-20,62354100
21,DAL,10.6,6.9,2009-01-30,90623400
22,DAL,11.14,9.46,2008-11-07,83433300
23,DAL,7.74,6.03,2008-10-10,92259900
24,DAL,6.4,5.32,2008-06-13,67931100
25,DAL,7.48,5.5,2008-05-23,67888200
26,DAL,8.61,7.01,2008-04-25,78835200
27,DAL,10.69,8.75,2008-04-18,76432100
28,DAL,10.14,8.61,2008-03-28,49205800
29,DAL,12.92,9.6,2008-03-14,27394400
30,DAL,16.4,13.35,2008-02-29,19771000
31,DAL,18.73,15.6,2007-12-14,24828200
32,DAL,19.8,16.5,2007-11-09,22822000
33,JEC,44.19,36.59,2009-11-20,32907600
34,JEC,44.93,38.11,2009-05-01,18933200
35,JEC,37.47,31.01,2008-11-14,14240000
36,JEC,38.74,30.48,2008-10-24,15134300
37,JEC,42.16,35.78,2008-10-10,15501400
38,JEC,53.88,44.6,2008-10-03,13156000
39,JEC,89.78,74.21,2008-01-18,13130300
40,JEC,92.74,44.32,2007-03-16,2545100
41,JEC,46.47,39.2,2004-07-02,6376600
42,JEC,73.25,35.01,2002-04-05,931850
43,VSH,14.03,11.56,2011-08-05,13943800
44,VSH,10.47,8.83,2010-05-07,16745600
45,VSH,3.31,2.72,2009-02-20,4189700
46,VSH,4.34,3.67,2008-11-14,5966200
47,VSH,5.88,4.39,2008-10-10,10574000
48,VSH,15.5,12.81,2004-08-06,26382700
49,VSH,14.67,11.66,2002-12-06,6284400
50,VSH,13.2,11.21,2002-09-13,9419400
51,VSH,20.0,16.71,2001-09-21,5444600
52,VSH,20.06,16.56,2000-12-22,13155700
53,VSH,26.5,19.19,2000-12-01,13703000
54,VSH,31.25,26.06,2000-11-10,6497400
55,VSH,42.38,36.0,2000-07-21,7761100
56,VSH,88.5,70.0,2000-05-26,14651668
57,VSH,68.88,54.38,2000-04-14,6380201
58,NYT,10.67,8.19,2012-10-26,15829300
59,NYT,7.02,5.79,2011-09-23,13858600
60,NYT,10.86,7.97,2009-10-30,14458900
61,NYT,5.1,4.06,2009-02-13,5394100
62,NYT,7.17,5.34,2008-11-21,8624900
63,NYT,9.44,7.34,2008-11-14,8501700
64,NYT,13.54,9.55,2008-10-24,8561400
65,CALX,6.65,5.04,2017-08-11,3077235
66,CALX,7.25,5.67,2016-02-12,2413589
67,CALX,8.97,6.99,2015-10-30,2918651
68,CALX,11.86,9.86,2013-11-01,5689300
69,CALX,7.76,4.82,2012-07-13,6518000
70,CALX,8.96,6.82,2011-10-21,3338200
71,CALX,10.54,7.8,2011-09-30,3770900
72,CALX,15.98,12.92,2011-08-19,2097300
73,CALX,18.63,14.97,2011-08-05,2798100
74,CALX,12.5,10.4,2010-05-07,1882000
75,MUC,10.44,7.2,2008-10-10,1063900
76,POL,15.79,13.22,2011-08-05,6806200
77,POL,11.36,9.42,2010-05-07,6300400
78,POL,3.45,2.88,2009-05-15,3317000
79,POL,2.3,1.61,2009-02-27,3415400
80,POL,3.98,3.21,2008-11-14,2956700
81,POL,4.76,3.89,2008-11-07,2755000
82,POL,5.27,4.45,2008-10-17,4460000
83,POL,6.32,4.29,2002-12-20,12590000
84,POL,10.1,7.7,2001-09-21,1435400
85,POL,9.0,7.56,2001-03-16,1117100
86,POL,8.938,6.875,2000-09-22,3384300
87,CPK,69.25,43.76,2014-09-12,142300
88,DRI,17.05,14.3,2008-11-21,12454400
89,DRI,26.13,21.43,2008-10-10,22153000
90,DRI,35.95,27.51,2007-12-21,28689300
91,DRI,22.41,18.39,2003-09-26,13614900
92,DRI,20.63,17.05,2003-02-21,13242900
93,DRI,23.8,18.6,2002-11-01,20746900
94,DRI,39.6,25.47,2002-05-03,6295934
95,MRO,10.4,8.14,2016-01-15,148018284
96,MRO,12.56,10.35,2016-01-08,92507165
97,MRO,31.41,26.12,2011-08-05,87746800
98,MRO,49.01,32.95,2011-07-01,70988300
99,MRO,34.41,25.56,2008-10-10,112375500
100,MRO,132.8,62.12,2007-06-22,44147150
101,MRO,32.75,26.75,2001-09-21,16138850
102,TDF,27.13,22.69,2014-12-12,558936
103,TDF,16.38,13.83,2008-10-24,584169
104,TDF,18.05,13.9,2008-10-10,1873392
105,STT,22.74,17.98,2009-03-06,65734900
106,STT,38.36,31.78,2008-11-21,33905200
107,STT,56.77,46.96,2008-10-03,38380600
108,STT,113.3,54.35,2001-06-01,2540150
109,GTN,14.35,11.11,2016-05-13,7343584
110,GTN,15.97,13.57,2016-01-08,5386814
111,GTN,14.28,11.79,2015-08-21,8217071
112,GTN,12.2,10.3,2014-08-15,4473600
113,GTN,1.72,1.46,2012-05-18,873600
114,GTN,2.22,1.76,2011-08-12,2681100
115,GTN,2.19,1.76,2010-11-12,1824600
116,GTN,2.82,2.32,2010-08-13,741800
117,GTN,2.85,2.39,2010-07-02,2334300
118,GTN,3.54,2.7,2010-05-21,1987400
119,GTN,4.54,3.75,2010-04-30,2980900
120,GTN,2.53,2.12,2010-03-19,2883800
121,GTN,2.05,1.66,2010-02-26,2107700
122,GTN,1.81,1.4,2009-11-13,4039300
123,GTN,2.44,1.75,2009-10-30,2241800
124,GTN,2.62,2.05,2009-10-02,5718400
125,GTN,0.5,0.42,2009-07-10,605200
126,GTN,0.705,0.48,2009-06-26,4752900
127,GTN,0.46,0.36,2009-02-20,399700
128,GTN,0.42,0.33,2009-01-30,562000
129,GTN,0.461,0.37,2009-01-23,742700
130,GTN,0.57,0.43,2008-12-05,1332000
131,GTN,0.4501,0.19,2008-11-14,8250400
132,GTN,0.61,0.48,2008-10-24,1100200
133,GTN,0.6,0.5,2008-10-17,1117800
134,GTN,1.24,0.74,2008-10-10,1927600
135,GTN,1.8,1.35,2008-10-03,872600
136,GTN,2.2,1.85,2008-09-12,934500
137,GTN,2.52,2.12,2008-09-05,658200
138,GTN,2.79,2.34,2008-08-01,1231600
139,WPC,24.0,18.86,2008-10-10,606928
140,REG,45.44,37.63,2011-08-05,8136400
141,REG,25.99,22.02,2009-03-06,15052800
142,REG,41.75,32.88,2008-10-24,11497600
143,REG,52.01,41.63,2008-10-17,9760900
144,ENBL,9.26,7.75,2016-01-08,1691894
145,ENBL,21.0,17.4,2014-12-12,4025177
146,PQ,2.24,1.89,2017-08-04,343179
147,PQ,2.2,1.77,2017-06-23,470594
148,PQ,4.0,3.06,2017-03-10,1585683
149,PQ,4.6,3.88,2017-02-24,766035
150,PQ,3.75,2.88,2016-11-04,780719
151,PQ,3.2,2.0,2016-08-05,1222624
152,PQ,0.479,0.3701,2016-01-08,1627426
153,PQ,0.5208,0.33,2015-12-18,2996730
154,PQ,0.76,0.57,2015-12-04,2393014
155,PQ,1.06,0.8262,2015-11-20,1468077
156,PQ,2.79,2.02,2015-03-13,8020606
157,PQ,4.38,3.72,2014-11-28,3026692
158,PQ,4.77,4.01,2014-11-07,8310273
159,PQ,5.3,4.5,2014-10-10,5263371
160,PQ,7.3,5.9,2011-09-23,7022900
161,PQ,7.74,6.57,2011-08-19,6920700
162,PQ,6.18,4.95,2010-03-19,12750300
163,PQ,3.49,2.78,2009-07-10,5654100
164,PQ,3.2,1.8,2009-03-06,7760100
165,PQ,5.01,3.24,2009-02-27,7962000
166,PQ,6.09,4.95,2009-02-20,3630200
167,PQ,6.75,4.68,2008-12-05,7179400
168,PQ,6.27,5.32,2008-11-21,4962700
169,PQ,8.23,6.33,2008-11-14,4497300
170,PQ,9.97,7.94,2008-11-07,3479800
171,PQ,9.92,8.11,2008-10-24,5700200
172,PQ,11.61,7.15,2008-10-10,10431200
173,PQ,15.35,11.96,2008-10-03,6313200
174,PQ,27.22,23.11,2008-07-18,9229000
175,PQ,6.68,5.63,2005-05-13,2599400
176,PQ,1.75,1.4,2003-05-30,6011400
177,PQ,2.81,2.06,2003-02-21,4833800
178,PQ,4.91,4.09,2002-08-02,1923300
179,PQ,6.31,5.13,2001-12-14,4042300
180,PQ,5.935,4.95,2001-09-21,660600
181,PQ,2.86,2.31,2000-07-21,668500
182,PQ,1.88,1.5,2000-04-14,332300
183,BCS,12.26,10.3,2012-06-29,44741991
184,BCS,11.83,9.89,2011-08-19,29570036
185,BCS,14.7,12.47,2011-08-05,32054244
186,BCS,20.65,16.61,2010-05-07,24009982
187,BCS,20.34,17.1,2010-01-22,13619065
188,BCS,5.04,3.51,2009-03-06,21225254
189,BCS,6.07,5.14,2009-02-27,25609399
190,BCS,7.12,5.83,2009-02-13,29320121
191,BCS,4.34,3.07,2009-01-23,57930155
192,BCS,11.19,7.25,2009-01-16,23090117
193,BCS,12.19,9.29,2008-11-14,6947622
194,BCS,16.29,12.6,2008-10-24,6765468
195,BCS,22.76,15.2,2008-10-10,15847393
196,KWR,41.21,33.72,2011-08-05,580900
197,KWR,32.08,25.17,2010-05-07,1063600
198,KWR,8.75,5.63,2009-02-27,585900
199,KWR,10.37,8.73,2009-02-20,338300
200,KWR,14.37,11.2,2008-11-21,634100
201,KWR,18.26,14.58,2008-11-14,581600
202,KWR,21.77,17.86,2008-10-10,581700
203,KWR,30.45,22.3,2008-10-03,319200
204,NR,4.51,3.62,2016-02-12,5862480
205,NR,5.75,4.83,2015-12-11,4671712
206,NR,9.0,7.43,2015-06-19,7297615
207,NR,12.41,10.47,2014-11-28,2314693
208,NR,7.77,6.32,2011-09-23,5177700
209,NR,9.5,7.62,2011-08-05,9922400
210,NR,8.35,5.88,2010-10-29,23604100
211,NR,3.38,2.85,2009-06-19,3076600
212,NR,4.44,3.74,2008-12-05,3433400
213,NR,5.01,3.95,2008-11-14,2520400
214,NR,5.64,4.64,2008-10-24,3537900
215,NR,8.66,7.19,2008-09-05,4884600
216,NR,6.7,5.46,2007-08-03,4252000
217,NR,3.6,3.05,2002-10-25,1891400
218,NR,8.2,6.79,2001-09-21,3526900
219,NR,9.56,7.25,2001-01-05,3165000
220,NR,9.31,7.88,2000-07-28,1238500
221,NR,8.25,6.62,2000-01-28,2738600
222,SBR,40.76,31.6,2009-02-20,237791
223,SBR,46.15,38.08,2008-11-21,289354
224,SBR,52.8,40.75,2008-10-10,613294
225,SBR,55.0,43.24,2006-12-08,1047300
226,SBR,14.44,11.81,2000-03-31,346200
227,KR,30.65,22.29,2017-06-16,216564460
228,KR,76.96,38.72,2015-07-17,20501794
229,KR,18.46,15.37,2002-09-20,32352500
230,KR,24.5,20.51,2001-12-14,81093100
231,GME,24.66,20.7,2017-03-24,29615267
232,GME,46.77,37.18,2015-11-13,16328804
233,GME,45.47,37.65,2014-01-17,51300500
234,GME,39.76,32.11,2013-05-24,40043300
235,GME,25.31,21.33,2009-12-04,49910900
236,GME,26.84,22.55,2009-05-22,44878100
237,GME,26.35,22.38,2009-03-06,29821400
238,GME,23.26,17.98,2008-11-21,23459400
239,GME,32.22,25.73,2008-10-24,13917800
240,GME,16.0,9.47,2002-12-20,10912300
241,GME,18.6,15.8,2002-12-13,1680900
242,PBF,32.14,27.01,2014-06-27,18542000
243,IRT,10.64,9.0,2016-09-30,21945368
244,AWI,59.78,48.77,2012-03-30,2612200
245,AWI,44.28,35.19,2010-05-07,3641300
246,AWI,19.34,16.38,2009-05-15,1646500
247,AWI,12.58,10.22,2009-03-06,1909500
248,AWI,15.14,12.78,2009-02-27,2095400
249,AWI,36.575,29.37,2008-03-07,3605000
250,AWI,50.6,41.89,2007-07-27,1726800
251,BSE,11.15,8.73,2008-10-10,209272
252,MNE,9.05,7.52,2008-12-12,83400
253,MNE,10.35,7.7,2008-10-10,71200
254,PLNT,24.76,20.01,2016-11-18,9257311
255,AGRO,11.48,9.74,2011-08-05,1242800
256,OKE,24.3,20.18,2016-02-12,28096580
257,OKE,23.97,20.31,2015-12-11,26632389
258,OKE,29.63,24.8,2015-12-04,15663853
259,OKE,32.97,23.17,2008-10-10,9211700
260,OKE,41.43,20.59,2001-06-15,1330175
261,AXS,25.51,19.33,2008-11-21,11349000
262,AXS,29.0,22.21,2008-10-10,7750600
263,AN,59.0,48.82,2016-01-08,15981415
264,AN,20.46,17.24,2009-10-30,32112300
265,AN,7.47,4.43,2008-10-24,19816300
266,AN,10.42,8.1,2008-10-10,15675800
267,AN,12.95,10.93,2008-10-03,8431900
268,AN,10.0,8.37,2001-09-21,9752000
269,NTX,11.7,8.43,2008-10-10,212034
270,CIR,59.11,48.14,2016-10-07,851140
271,CIR,34.5,28.96,2011-08-12,1623700
272,CIR,44.04,35.06,2011-08-05,1245300
273,CIR,21.73,18.23,2009-03-06,1401700
274,CIR,27.26,22.35,2008-11-14,1375100
275,CIR,35.0,26.9,2008-10-24,1080200
276,CIR,53.75,44.28,2008-09-26,1143600
277,CIR,49.95,41.6,2007-11-02,1440000
278,CIR,16.9,14.1,2002-09-27,128900
279,CIR,11.19,9.438,2000-06-23,83100
280,CEQP,11.52,9.04,2016-02-12,5017713
281,CEQP,17.38,13.99,2016-01-15,4318354
282,CEQP,20.45,17.31,2016-01-08,6381561
283,CEQP,19.5,14.04,2015-12-04,4859091
284,CEQP,3.42,2.78,2015-08-21,5159364
285,CEQP,6.47,5.2,2015-05-08,7933362
286,CEQP,9.03,7.18,2014-12-05,3424199
287,CEQP,23.95,16.21,2013-06-21,3929993
288,CEQP,22.55,17.33,2012-01-27,14560025
289,CEQP,18.53,13.23,2008-11-21,1499750
290,CEQP,19.86,13.78,2008-10-10,2896751
291,CEQP,35.75,29.92,2007-08-17,925237
292,CEQP,47.85,23.98,2004-01-16,385100
293,CEQP,39.0,22.25,2001-08-03,278100
294,CNI,43.88,36.93,2008-11-14,13080294
295,CNI,93.3,47.84,2006-03-03,3771500
296,MQY,11.55,7.9,2008-10-10,699146
297,KST,7.28,6.05,2008-11-21,120911
298,KST,8.83,6.12,2008-10-10,271315
299,AMBR,5.88,4.44,2015-08-07,755954
300,NMZ,10.01,8.1399,2008-12-05,230289
301,NMZ,9.74,8.17,2008-11-21,333802
302,NMZ,11.98,9.97,2008-11-14,281439
303,NMZ,11.73,7.04,2008-10-10,881663
304,RYN,31.5,26.09,2014-11-14,20368161
305,RYN,58.19,46.98,2013-10-25,12900300
306,RYN,58.95,40.4,2011-08-26,6213934
307,RYN,33.76,27.81,2008-10-24,8291067
308,RYN,40.62,33.53,2008-10-17,11133133
309,RYN,53.1,36.45,2005-10-21,1826490
310,RYN,52.2,34.85,2003-06-13,805927
311,ABC,36.31,18.31,2009-06-19,14583900
312,ABC,36.14,29.45,2008-10-10,12565400
313,ABC,81.55,41.4,2005-12-30,3478500
314,ABC,63.7,54.0,2004-01-02,22631000
315,ABC,71.9,61.0,2002-07-12,17712300
316,SHOP,117.0,97.92,2017-10-06,51240228
317,SHOP,24.95,19.89,2016-01-15,2909824
318,SHOP,34.77,27.77,2015-08-21,1468069
319,CAL,14.23,10.65,2011-03-18,13162742
320,CAL,12.91,10.95,2010-08-27,5925225
321,CAL,18.89,15.89,2010-05-07,2077419
322,CAL,3.57,2.27,2009-03-06,3109867
323,CAL,4.5,3.81,2009-02-13,2576873
324,CAL,6.57,5.42,2009-01-23,2224876
325,CAL,8.74,7.25,2009-01-09,2340148
326,CAL,7.39,4.77,2008-11-21,5309859
327,CAL,9.79,7.47,2008-11-14,2236415
328,CAL,14.31,10.07,2008-10-10,6186972
329,CAL,15.4,12.22,2008-01-04,4312902
330,CAL,41.92,29.17,2007-04-05,2959700
331,CAL,52.58,38.26,2006-04-07,1740466
332,CAL,32.23,26.13,2004-08-06,1725400
333,CAL,40.88,33.19,2004-07-09,1646800
334,CAL,30.17,25.25,2003-05-09,2610766
335,CAL,13.07,10.7,2001-09-21,274800
336,CAL,12.6875,10.6875,2000-01-28,388887
337,LAZ,35.5,27.78,2008-10-24,4741400
338,LAZ,44.82,37.04,2007-07-27,11044000
339,AVAL,11.87,9.97,2014-12-12,2124179
340,CVS,35.55,29.79,2009-11-06,262349900
341,CVS,31.8,26.91,2008-10-17,84078600
342,CVS,57.9,29.03,2005-06-10,17232150
343,CVS,32.0,23.28,2001-11-02,58534700
344,CVS,56.07,47.55,2001-06-15,18379200
345,CVS,37.0,30.44,2000-03-03,22192900
346,LFC,77.5,23.85,2015-05-29,2226247
347,LFC,47.48,37.68,2008-10-24,11187910
348,LFC,128.8,50.51,2006-12-29,7463500
349,BRSS,28.6,23.85,2016-11-04,1057162
350,PFO,4.32,3.2399,2009-03-06,215238
351,PFO,3.85,2.63,2008-11-21,209624
352,PFO,4.69,3.9,2008-11-14,123646
353,PFO,3.85,2.56,2008-10-10,403658
354,PFO,5.31,4.39,2008-10-03,302328
355,DFS,10.225,8.59,2009-05-15,42982700
356,DFS,6.6,5.51,2009-03-20,62404800
357,DFS,6.78,5.74,2009-02-20,34348700
358,DFS,11.22,8.97,2008-12-12,29728600
359,DFS,9.35,7.65,2008-11-21,40291900
360,DFS,11.77,9.47,2008-11-14,39637300
361,DFS,13.36,11.07,2008-10-03,29138000
362,DFS,16.42,13.92,2008-09-26,21254900
363,HRS,42.02,35.1,2008-10-10,10185500
364,HRS,60.86,51.13,2008-01-11,10526700
365,HRS,67.39,32.56,2005-04-01,2805550
366,HRS,33.01,26.43,2002-10-18,10564700
367,ALDW,10.65,8.25,2016-09-16,6350286
368,ALDW,13.0,10.43,2016-02-19,1527410
369,ALDW,17.17,13.15,2016-02-12,1292182
370,ALDW,16.29,12.5,2014-12-12,2466094
371,ALDW,12.64,10.57,2013-11-08,3234394
372,ALDW,20.0,15.73,2013-08-16,2894347
373,ALDW,24.55,19.67,2013-07-05,2981395
374,ALDW,26.88,22.19,2013-04-05,2755947
375,CAH,34.26,25.76,2009-09-04,29195400
376,CAH,36.09,30.23,2008-11-21,20949400
377,CAH,49.21,38.2,2008-10-10,22391200
378,CAH,69.3,51.76,2004-07-02,48377100
379,PAGP,26.18,21.09,2017-08-11,23837560
380,PAGP,9.03,7.5,2015-12-18,36892819
381,PAGP,11.74,9.79,2015-12-04,34561775
382,PAGP,15.5,12.82,2015-11-06,51242560
383,PAGP,25.49,17.7,2015-08-07,38600680
384,CUK,22.06,18.55,2008-11-14,3416766
385,CUK,50.24,41.93,2006-05-19,1141500
386,APC,40.56,32.02,2016-01-15,80957292
387,APC,48.51,40.56,2016-01-08,45866049
388,APC,73.77,62.16,2010-04-30,47953300
389,APC,51.09,42.67,2009-05-15,84615100
390,APC,35.4,29.35,2008-10-24,54591100
391,APC,39.31,27.5,2008-10-10,75199800
392,APC,51.4,41.54,2008-10-03,47185400
393,KIM,19.23,16.09,2011-08-05,31660800
394,KIM,9.6,7.3,2009-03-20,59269800
395,KIM,8.26,7.01,2009-03-06,57774100
396,KIM,12.96,10.4,2009-02-13,45613700
397,KIM,17.0,11.28,2008-11-21,66875500
398,KIM,21.1,17.25,2008-11-14,40343200
399,KIM,24.61,18.5,2008-10-24,38462000
400,KIM,30.65,24.63,2008-10-17,31275900
401,KIM,37.57,31.36,2008-10-03,24348400
402,KIM,62.31,30.85,2005-08-26,1964850
403,GPI,74.65,59.76,2016-01-08,2819288
404,GPI,31.56,26.81,2010-05-07,4746800
405,GPI,37.87,31.05,2010-04-30,4849200
406,GPI,32.95,25.42,2009-10-30,5526200
407,GPI,21.68,17.4,2009-05-15,2662200
408,GPI,10.47,8.33,2009-03-06,1968800
409,GPI,7.81,6.25,2008-11-21,3363500
410,GPI,9.82,7.86,2008-11-14,3048400
411,GPI,10.27,5.92,2008-10-24,4944900
412,GPI,14.29,10.36,2008-10-17,3160800
413,GPI,17.62,13.62,2008-10-10,3449200
414,GPI,21.64,18.05,2008-10-03,1974700
415,GPI,26.71,21.61,2008-09-26,3161600
416,GPI,59.3,48.6,2006-08-04,9207500
417,GPI,27.0,20.95,2001-09-21,1261500
418,GPI,16.5,11.94,2000-05-12,447000
419,TGT,39.86,32.92,2008-10-24,69781500
420,TGT,62.38,29.94,2000-07-21,11672850
421,GBX,36.95,30.7,2016-10-28,3862999
422,GBX,31.8,24.56,2016-01-08,8191625
423,GBX,46.0,38.51,2015-08-21,3813254
424,GBX,66.07,55.48,2014-11-28,2593048
425,GBX,64.9,54.08,2014-10-10,6684777
426,GBX,17.33,13.89,2012-11-02,4261800
427,GBX,14.72,12.48,2011-09-23,2032800
428,GBX,15.63,12.96,2011-08-19,3076400
429,GBX,20.5,15.65,2011-08-05,4818800
430,GBX,13.03,10.22,2010-08-13,1116100
431,GBX,12.7,10.29,2010-07-02,836600
432,GBX,15.46,12.55,2010-05-07,4842800
433,GBX,8.12,6.81,2009-05-15,563700
434,GBX,3.7,1.93,2009-03-06,973700
435,GBX,4.58,3.76,2009-02-27,637000
436,GBX,5.53,4.49,2009-02-20,472500
437,GBX,7.27,5.64,2008-12-05,1058100
438,GBX,6.47,5.32,2008-11-21,1506500
439,GBX,8.54,6.43,2008-11-14,2098300
440,GBX,10.12,8.35,2008-10-24,1509700
441,GBX,13.91,10.0,2008-10-17,1810700
442,GBX,16.92,13.45,2008-10-10,1135200
443,GBX,30.42,25.72,2007-10-19,1807800
444,GBX,26.7,22.2,2007-04-05,6013500
445,GBX,35.48,28.36,2006-12-22,4007800
446,BWXT,33.26,25.52,2015-07-02,9039881
447,AMX,50.82,27.04,2011-07-01,23805589
448,AMX,34.74,24.36,2008-10-24,77425510
449,AMX,38.41,32.3,2008-10-10,78615227
450,AMX,61.77,21.34,2005-07-22,6722200
451,AMX,16.84,14.25,2001-09-07,14351100
452,WEC,58.89,29.81,2011-03-04,6615050
453,STAY,19.91,16.81,2017-11-10,30130102
454,STAY,23.04,18.3,2014-11-07,7812823
455,PZE,5.48,4.65,2013-03-01,792091
456,PZE,9.11,4.53,2012-10-05,396099
457,PZE,6.31,5.08,2009-05-29,3254100
458,PZE,6.21,5.15,2008-11-14,977900
459,PZE,9.0,5.74,2008-10-24,1279700
460,PZE,9.11,7.08,2008-10-10,1330100
461,PZE,15.35,12.94,2008-01-11,6409800
462,PZE,6.1,4.9,2002-07-26,569600
463,PZE,4.65,3.74,2002-06-07,262500
464,PZE,10.88,9.04,2002-01-11,594500
465,PZE,17.06,14.5,2000-04-14,171700
466,NFG,73.22,58.48,2011-08-05,5583800
467,NFG,39.0,29.3,2008-10-10,6946700
468,VGR,16.35,13.4,2002-09-20,868000
469,VGR,42.55,34.5,2001-12-14,4305100
470,VGR,17.63,14.81,2000-06-23,175000
471,PAR,10.95,8.75,2017-11-10,932550
472,PAR,5.84,4.8,2016-05-13,389821
473,PAR,3.9,3.06,2008-11-21,101605
474,PAR,6.75,5.3,2008-10-10,61491
475,PAR,9.08,7.59,2006-10-06,1006000
476,PAR,10.67,8.34,2006-07-28,1498500
477,PAR,29.85,24.77,2005-08-19,790300
478,PAR,3.55,2.95,2002-02-08,48100
479,PAR,4.25,3.5,2000-07-21,54500
480,ARES,23.25,19.75,2017-03-03,5925602
481,GBL,65.47,34.87,2015-12-04,261149
482,GBL,51.44,43.57,2011-05-06,74200
483,GBL,35.59,27.81,2008-11-14,464300
484,GBL,40.25,32.45,2008-10-17,414100
485,GBL,49.0,38.36,2008-10-10,446000
486,GBL,65.87,48.33,2008-10-03,118100
487,GBL,42.3,31.23,2001-09-21,141900
488,VMI,49.86,40.58,2009-01-30,2517100
489,VMI,59.74,45.26,2008-10-24,2278900
490,VMI,84.6,66.93,2008-10-03,3278500
491,VMI,22.47,19.0,2003-10-24,258500
492,EVC,6.0,5.1,2017-01-20,3459590
493,EVC,6.55,5.26,2013-07-26,13107900
494,EVC,1.65,1.36,2012-01-06,380400
495,EVC,1.48,1.11,2011-11-25,271200
496,EVC,1.42,1.12,2011-08-19,512100
497,EVC,1.95,1.42,2011-08-05,658800
498,EVC,2.7,2.06,2010-07-02,1323000
499,EVC,3.24,2.75,2010-05-07,981400
500,EVC,2.96,2.45,2010-03-19,1249300
501,EVC,3.51,2.97,2010-01-29,729900
502,EVC,2.94,2.1,2009-10-30,2535600
503,EVC,0.637,0.41,2009-06-26,6992800
504,EVC,0.7,0.55,2009-05-15,1655500
505,EVC,0.38,0.2,2009-03-06,1567600
506,EVC,0.51,0.38,2009-02-27,1272000
507,EVC,0.8,0.59,2009-02-13,869600
508,EVC,1.14,0.77,2009-01-23,524600
509,EVC,1.37,0.7,2008-11-14,1341800
510,EVC,1.9,1.35,2008-11-07,1313900
511,EVC,1.78,1.19,2008-10-24,790600
512,EVC,2.41,1.8,2008-10-10,1968800
513,EVC,3.4,2.74,2008-09-26,979200
514,EVC,7.31,6.15,2008-05-02,2234500
515,EVC,9.38,7.45,2007-11-02,5164000
516,EVC,10.05,7.0,2003-02-14,3007800
517,EVC,10.65,7.4,2001-09-21,895300
518,EVC,9.9,7.35,2001-03-09,3256400
519,EVC,16.4,11.05,2001-02-09,6938700
520,EVC,14.63,11.5,2000-10-13,6198000
521,EVC,17.38,14.63,2000-10-06,626200
522,PBB,23.6,19.49,2016-01-15,597742
523,MMC,45.91,29.2,2004-10-15,144032500
524,WCN,34.27,20.68,2013-03-01,2944339
525,WCN,34.21,17.35,2010-04-01,746200
526,WCN,34.34,28.23,2008-11-28,8362401
527,WCN,43.3,29.13,2007-03-16,2009622
528,WCN,43.6,28.75,2004-06-25,997127
529,WCN,28.2,23.87,2001-09-21,2615348
530,WCN,12.97,10.25,2000-04-14,832119
531,WCN,14.19,11.5,2000-01-28,3006252
532,MHD,11.86,8.35,2008-10-10,317334
533,SDLP,3.59,2.98,2017-04-07,6365103
534,SDLP,3.7,3.03,2017-03-10,8660547
535,SDLP,5.06,3.76,2017-03-03,14222808
536,SDLP,6.06,4.17,2016-07-29,14241942
537,SDLP,2.51,1.81,2016-02-12,6229799
538,SDLP,3.12,2.6,2016-02-05,5629380
539,SDLP,3.18,2.61,2016-01-15,5185272
540,SDLP,4.31,3.25,2015-12-18,15631213
541,SDLP,6.31,4.31,2015-12-11,7388703
542,SDLP,8.55,6.49,2015-12-04,4334897
543,SDLP,14.9,12.5,2015-03-13,2416141
544,SDLP,18.66,15.4,2014-12-12,2629609
545,SDLP,22.07,16.92,2014-11-28,3282939
546,DATA,79.94,41.33,2016-02-05,32867243
547,DATA,126.01,104.74,2015-07-31,17955485
548,DATA,63.0,53.5,2013-07-12,1119300
549,NP,5.16,3.66,2009-03-13,940100
550,NP,6.62,5.26,2009-02-06,461400
551,NP,7.34,5.88,2008-11-21,781000
552,NP,8.81,7.45,2008-11-14,612400
553,NP,10.3,8.21,2008-10-24,1230300
554,NP,11.99,10.19,2008-10-17,699800
555,NP,16.51,11.15,2008-10-10,946200
556,NP,20.09,17.07,2008-10-03,579300
557,AIZ,41.23,35.0,2010-11-12,17883400
558,AIZ,27.7,23.41,2009-05-01,14463400
559,AIZ,19.88,15.06,2008-11-21,18750300
560,AIZ,36.26,25.48,2008-10-31,18810100
561,AIZ,48.37,35.09,2008-10-10,10201500
562,TBI,25.55,21.55,2017-08-04,2773169
563,TBI,21.65,17.85,2016-10-21,3195436
564,TBI,26.78,21.02,2016-04-22,6060018
565,TBI,16.08,12.89,2012-10-26,2927300
566,TBI,12.18,10.3,2010-07-02,1698600
567,TBI,7.81,6.52,2008-11-14,2137100
568,TBI,9.66,7.49,2008-10-24,2800800
569,TBI,12.16,9.48,2008-10-17,4596100
570,TBI,14.85,12.06,2008-02-08,1989900
571,TBI,14.7,12.26,2008-01-04,1822508
572,TBI,19.55,15.41,2006-07-21,8454600
573,TBI,7.25,5.93,2002-09-20,1448400
574,TBI,7.65,5.96,2002-06-14,6594400
575,TBI,3.9,2.95,2001-09-21,577700
576,TBI,5.1,4.19,2001-07-06,504700
577,TBI,3.98,2.86,2001-03-16,340600
578,TBI,5.4,4.54,2001-02-09,787800
579,TBI,6.5,5.063,2000-07-07,1411900
580,TBI,8.125,6.313,2000-06-23,2862800
581,SLG,82.96,69.93,2011-08-05,8251600
582,SLG,12.42,10.37,2009-03-20,21064600
583,SLG,11.12,8.69,2009-03-06,21425800
584,SLG,18.08,14.71,2009-02-13,16003900
585,SLG,20.49,16.29,2009-01-16,16695300
586,SLG,24.67,20.24,2009-01-09,16077800
587,SLG,27.57,11.36,2008-11-21,29996800
588,SLG,36.12,27.64,2008-11-14,9059000
589,SLG,42.09,29.43,2008-10-24,10234000
590,SLG,55.0,42.58,2008-10-17,11123000
591,SLG,68.52,54.74,2008-10-03,5844600
592,CLI,19.37,15.24,2008-11-21,11368200
593,CLI,23.8,19.45,2008-11-14,6854500
594,CLI,23.25,19.2,2008-10-24,7190000
595,CLI,30.2,23.14,2008-10-17,7996000
596,CLI,35.22,29.21,2008-10-03,6150200
597,VIPS,9.93,8.14,2017-11-24,49867702
598,VIPS,21.25,13.6,2015-11-13,130448532
599,VIPS,231.7,23.34,2014-11-07,31856255
600,VIPS,50.0,39.9,2013-08-16,6255184
601,VIPS,32.76,26.49,2013-06-21,3733394
602,VIPS,5.61,4.39,2012-03-30,1874826
603,DYNC,76.34,64.62,2016-11-04,523480
604,AB,19.35,16.29,2009-04-24,6331697
605,AB,15.0,12.59,2009-02-20,3630612
606,AB,17.12,13.05,2008-11-21,3126863
607,AB,21.21,17.7,2008-11-14,2385540
608,AB,25.17,19.7,2008-10-24,3031275
609,AB,32.98,24.4,2008-10-10,7344069
610,AB,39.5,33.4,2008-10-03,3240835
611,AB,70.2,57.8,2008-01-18,4883209
612,MSD,7.4,5.66,2008-10-10,1754304
613,HTGC,15.57,13.0,2017-05-05,9175983
614,HTGC,5.05,4.26,2009-02-20,1577900
615,HTGC,6.44,4.99,2009-02-13,1709000
616,HTGC,6.27,4.98,2008-11-21,1816500
617,HTGC,7.67,6.37,2008-11-14,1500800
618,HTGC,9.42,7.5,2008-10-10,1462000
619,HTGC,12.49,10.1,2005-10-14,334700
620,AMC,14.7,11.9,2017-11-03,19319296
621,AMC,20.6,16.25,2017-08-04,32236017
622,NYLD,15.84,12.8,2015-09-25,6268307
623,NYLD,19.29,15.94,2015-08-07,13348371
624,PRU,15.79,11.38,2009-03-06,84966300
625,PRU,24.94,18.51,2009-02-20,69878800
626,PRU,31.67,26.66,2009-01-16,40466600
627,PRU,24.86,16.3,2008-11-21,70308400
628,PRU,35.52,25.24,2008-11-14,64249400
629,PRU,56.0,36.13,2008-10-10,65255100
630,PRU,74.52,55.87,2008-10-03,26541900
631,PRU,84.97,71.87,2008-02-08,36070800
632,EEP,21.88,17.81,2016-01-15,9948922
633,EEP,30.92,23.78,2008-11-21,2395539
634,EEP,37.92,27.07,2008-10-10,4866730
635,SXCP,7.65,5.97,2016-02-12,972050
636,SXCP,11.05,7.57,2015-11-13,1529361
637,LEJU,1.95,1.47,2017-09-08,724395
638,LEJU,2.49,1.84,2017-06-30,555471
639,LEJU,4.44,3.76,2016-09-02,915866
640,LEJU,6.75,5.25,2015-08-21,2731395
641,AYI,204.61,173.12,2017-04-07,5403016
642,AYI,44.0,35.32,2010-07-02,7390300
643,AYI,34.13,28.8,2008-11-14,3181000
644,AYI,49.61,40.05,2008-07-03,7851600
645,AYI,15.3,12.15,2002-09-27,349600
646,AYI,18.2,14.64,2002-07-12,317300
647,JHS,10.02,8.45,2008-11-21,112988
648,JHS,10.89,9.02,2008-10-10,290801
649,TDI,13.5,10.5,2008-11-21,56183
650,MCA,10.4,7.41,2008-10-10,833025
651,MRK,31.29,26.23,2008-10-10,130725600
652,MRK,43.04,33.31,2004-10-01,220954500
653,MMS,69.8,51.66,2015-11-13,7011648
654,MMS,80.03,41.68,2011-07-01,321700
655,MMS,29.4,23.15,2006-06-30,4484500
656,MMS,28.69,23.94,2000-04-20,428200
657,ASPN,6.51,4.04,2016-11-04,1146177
658,ASPN,4.76,3.58,2016-02-12,404422
659,ASPN,5.18,4.36,2016-01-29,581033
660,ASPN,8.44,6.09,2015-11-06,1116518
661,ASPN,8.24,6.66,2015-01-09,163694
662,BWP,15.75,13.38,2014-02-14,73159817
663,BWP,18.3,15.31,2008-10-10,3738804
664,BWP,23.0,18.81,2008-10-03,1659391
665,TNC,9.76,8.23,2009-03-06,989000
666,TNC,12.92,9.86,2009-02-27,1226700
667,TNC,24.76,17.82,2008-12-19,1377100
668,TNC,28.51,22.8,2008-10-24,1307400
669,TNC,45.14,23.27,2006-07-28,297700
670,STI,19.98,15.05,2009-05-15,105478200
671,STI,11.45,9.36,2009-03-06,76820900
672,STI,12.41,8.72,2009-02-13,115664000
673,STI,14.82,12.26,2009-01-30,61187100
674,STI,18.0,14.97,2009-01-23,64765100
675,STI,25.24,19.94,2009-01-16,42807900
676,STI,33.38,27.5,2008-12-12,31141000
677,STI,32.99,22.45,2008-11-21,47956000
678,STI,39.86,33.52,2008-11-14,29059700
679,STI,42.59,35.11,2008-10-24,35081000
680,STI,51.83,36.4,2008-10-10,54108900
681,STI,43.99,37.27,2008-06-20,94791100
682,STI,59.38,49.31,2000-06-16,7574100
683,NSC,45.6,37.81,2009-01-16,35548000
684,NSC,68.99,56.17,2008-10-03,29933700
685,NSC,18.65,15.5,2001-09-21,7235400
686,NSC,17.72,14.89,2001-03-16,5189500
687,NUS,44.32,36.64,2015-10-09,21876503
688,NUS,53.0,40.5,2014-11-07,19650163
689,NUS,59.45,48.01,2014-08-08,19378315
690,NUS,86.12,71.83,2014-02-07,17463000
691,NUS,138.15,79.47,2014-01-17,43959842
692,NUS,45.5,34.51,2012-12-21,18475300
693,NUS,10.64,8.5,2002-07-26,4034300
694,WNS,10.03,8.19,2011-12-16,136300
695,WNS,10.4,8.2,2009-05-15,148000
696,WNS,8.76,7.35,2009-04-17,156600
697,WNS,5.53,4.25,2009-02-27,60800
698,WNS,8.0,6.31,2008-12-19,132600
699,WNS,10.98,9.0,2008-11-14,107200
700,WNS,24.72,20.45,2007-08-17,1350900
701,LEG,18.56,15.25,2000-09-15,4615000
702,LEG,19.13,15.94,2000-06-23,7365600
703,GNRT,7.95,6.35,2016-01-15,1490135
704,GNRT,9.4,7.99,2016-01-08,908083
705,JBK,12.5,9.5,2008-10-10,20800
706,RIO,55.01,46.44,2011-09-23,30595552
707,RIO,72.04,59.19,2011-08-05,24314510
708,RIO,235.81,50.86,2010-04-30,6681630
709,RIO,148.4,124.56,2009-07-10,7461624
710,RIO,90.15,64.93,2008-12-05,13456331
711,RIO,136.47,100.0,2008-11-28,8763226
712,RIO,182.17,149.8,2008-11-14,3121517
713,RIO,184.5,155.25,2008-10-17,4126395
714,RIO,212.0,170.75,2008-10-10,5417055
715,RIO,324.44,271.0,2008-09-26,2647816
716,POT,37.18,28.91,2013-08-02,248562270
717,POT,55.0001,45.89,2011-09-23,61063605
718,POT,177.36,60.0,2011-02-25,32050393
719,POT,114.37,92.72,2009-06-19,60427092
720,POT,81.77,66.31,2009-03-06,96030626
721,POT,85.0,69.81,2008-11-14,91026965
722,POT,98.38,74.43,2008-10-17,128581911
723,POT,141.09,95.36,2008-10-03,134023475
724,POT,175.41,147.55,2008-09-26,69248823
725,POT,202.68,72.72,2007-06-01,13278760
726,POT,100.0,51.12,2004-08-20,1457900
727,MET,32.04,26.82,2011-09-23,75633200
728,MET,17.1,12.22,2009-03-06,141645700
729,MET,22.25,18.46,2009-02-27,85263200
730,MET,25.63,21.43,2009-02-20,49549500
731,MET,31.59,26.8,2009-02-13,44635100
732,MET,26.95,18.48,2008-11-21,123144600
733,MET,35.25,28.14,2008-11-14,47351000
734,MET,42.33,30.25,2008-10-10,145955700
735,MET,51.31,42.13,2008-10-03,68905800
736,CXO,120.08,95.25,2014-11-28,7066500
737,CXO,22.58,17.21,2008-12-05,4909100
738,CXO,22.58,18.61,2008-11-21,4587500
739,CXO,24.03,19.87,2008-10-24,5495400
740,CXO,23.52,16.91,2008-10-10,7188100
741,VALE,4.74,3.83,2016-03-11,250834351
742,VALE,3.19,2.71,2016-02-26,146033408
743,VALE,3.17,2.6,2016-01-08,100210664
744,VALE,32.93,27.98,2011-08-05,156703700
745,VALE,13.61,11.47,2008-11-14,182038100
746,VALE,12.7,10.5,2008-10-24,279231800
747,VALE,19.19,15.77,2008-10-03,268422900
748,VALE,51.01,27.25,2007-09-14,71127300
749,VALE,47.35,21.72,2006-06-09,42268100
750,HSC,21.25,17.65,2017-11-10,2438904
751,HSC,6.1,3.9,2016-02-26,9200793
752,HSC,7.12,5.99,2016-01-15,4326868
753,HSC,13.71,11.36,2015-08-07,7275214
754,HSC,27.78,22.25,2011-08-05,6720200
755,HSC,31.05,26.38,2010-05-07,7401100
756,HSC,32.68,27.51,2009-07-31,5862700
757,HSC,22.52,18.55,2008-10-24,5776800
758,HSC,31.05,22.65,2008-10-10,7741800
759,HSC,39.11,31.81,2008-10-03,5055100
760,HSC,90.19,44.86,2007-03-30,1491900
761,HSC,33.06,27.19,2001-09-21,811200
762,BSAC,38.5,28.3,2008-10-10,1225516
763,RNR,112.4,37.0,2002-05-31,835600
764,FIG,4.55,3.72,2011-08-05,16748716
765,FIG,3.84,3.18,2010-06-25,9565874
766,FIG,5.12,4.19,2009-10-30,14246270
767,FIG,6.57,4.25,2009-05-15,64571029
768,FIG,1.52,1.25,2009-02-27,1620400
769,FIG,1.66,1.38,2009-02-20,1648827
770,FIG,2.14,1.5,2009-01-16,8580467
771,FIG,1.24,0.961,2008-12-26,5189234
772,FIG,1.59,1.15,2008-12-19,6963697
773,FIG,1.9,1.59,2008-12-12,4033722
774,FIG,2.9,1.76,2008-12-05,3952732
775,FIG,2.92,2.06,2008-11-21,2368325
776,FIG,3.61,2.88,2008-11-14,3518214
777,FIG,4.79,3.57,2008-11-07,2051776
778,FIG,5.75,3.99,2008-10-24,4484942
779,FIG,8.03,4.0,2008-10-10,4961753
780,FIG,10.53,8.4,2008-10-03,2436263
781,FIG,11.45,9.54,2008-07-11,2674770
782,FIG,13.86,11.66,2008-01-18,4463119
783,NAT,3.63,2.71,2017-12-15,33801607
784,NAT,11.5,9.71,2013-04-05,17768000
785,NAT,33.89,25.79,2008-11-21,7239000
786,NAT,40.19,33.98,2008-08-22,3386900
787,NAT,33.01,25.57,2004-08-06,2405100
788,NAT,37.71,31.81,2004-07-16,4483100
789,NAT,13.4,10.65,2002-07-26,508900
790,HIG,5.86,3.62,2009-03-06,173005900
791,HIG,8.15,6.1,2009-02-27,167544500
792,HIG,11.68,6.79,2009-02-20,137384700
793,HIG,18.09,13.8,2009-01-16,76963100
794,HIG,11.64,4.95,2008-11-21,115983600
795,HIG,16.08,12.65,2008-11-14,104500100
796,HIG,23.01,10.32,2008-10-31,135769900
797,HIG,29.14,24.3,2008-10-24,29361200
798,HIG,30.38,19.23,2008-10-10,40027300
799,HIG,54.74,27.4,2008-10-03,38764400
800,HIG,49.1,41.1,2002-11-01,20201700
801,HIVE,5.89,4.17,2018-01-19,4962338
802,HIVE,4.77,3.32,2017-08-04,7789849
803,HIVE,8.02,6.63,2014-10-10,1404652
804,TECK,17.89,14.94,2017-06-16,30573556
805,TECK,25.38,21.34,2017-02-17,52612397
806,TECK,12.47,10.46,2016-05-06,65605299
807,TECK,6.18,4.88,2015-09-25,51643590
808,TECK,8.59,7.09,2015-07-24,36810284
809,TECK,14.4,11.07,2014-12-12,26428580
810,TECK,38.75,29.95,2011-09-23,28788188
811,TECK,50.98,42.46,2011-08-05,29902560
812,TECK,3.64,3.05,2009-02-20,15439791
813,TECK,4.62,3.82,2009-01-30,19541530
814,TECK,5.65,4.67,2009-01-16,26806236
815,TECK,4.71,3.08,2008-12-05,19893988
816,TECK,5.2,3.58,2008-11-21,31368608
817,TECK,10.33,5.25,2008-11-14,44879962
818,TECK,14.21,9.58,2008-10-24,25850558
819,TECK,19.57,14.31,2008-10-10,26315299
820,TECK,30.7,21.34,2008-10-03,22483334
821,TECK,83.37,42.64,2007-05-11,916100
822,TECK,37.06,31.32,2005-04-15,38600
823,TECK,8.37,6.66,2002-08-09,1900
824,CRM,167.98,40.88,2013-04-19,18658100
825,CRM,133.74,113.43,2011-11-18,27312300
826,CRM,136.42,111.0,2011-08-19,27025000
827,CRM,32.21,26.68,2008-10-24,16350000
828,CRM,39.66,32.56,2008-10-10,19188100
829,CRM,49.07,41.57,2008-10-03,14837800
830,CRM,66.32,55.97,2008-08-22,25620000
831,CRM,12.98,10.77,2004-08-06,2954100
832,CRM,16.05,13.04,2004-07-23,10028600
833,RYI,13.7,10.0,2017-05-05,2115764
834,RYI,14.3,11.3,2017-01-13,1466622
835,RYI,11.07,9.06,2016-10-07,3001602
836,RYI,14.47,11.58,2016-08-12,4863531
837,RYI,18.74,14.18,2016-07-22,13125795
838,RYI,3.86,2.85,2016-01-22,931835
839,RYI,4.93,4.19,2015-12-18,845021
840,RYI,6.48,5.01,2015-09-25,617166
841,RYI,9.56,8.12,2015-01-09,526914
842,RYI,12.11,9.68,2014-11-14,903519
843,RYI,13.15,11.09,2014-10-10,1265931
844,BEN,145.86,48.66,2013-07-26,5503500
845,BEN,117.0,98.76,2011-09-23,12435700
846,BEN,65.32,54.43,2008-11-14,10353200
847,BEN,65.64,55.48,2008-10-24,10633900
848,BEN,82.1,65.01,2008-10-10,14254200
849,BEN,100.24,82.66,2008-10-03,7306600
850,BEN,38.9,31.9,2001-09-21,5618400
851,PRTY,15.55,13.13,2015-11-13,6566940
852,BTZ,7.51,6.19,2009-02-20,1880382
853,BTZ,7.82,5.97,2008-11-21,1195454
854,BTZ,9.8,7.96,2008-11-14,753817
855,BTZ,9.7,8.2,2008-10-24,777592
856,BTZ,9.31,6.19,2008-10-10,2284030
857,WGO,31.89,26.49,2013-12-20,4524000
858,WGO,8.55,7.16,2011-08-05,1747500
859,WGO,10.55,8.55,2011-06-17,4230072
860,WGO,10.74,9.1,2010-08-13,1458200
861,WGO,16.69,13.6,2010-05-07,2198400
862,WGO,9.17,6.92,2009-05-15,1518600
863,WGO,3.98,3.23,2009-03-06,1191600
864,WGO,6.84,4.54,2008-10-24,4545500
865,WGO,11.57,6.74,2008-10-17,4130000
866,WGO,13.17,10.39,2008-10-03,2260200
867,WGO,42.91,35.85,2002-07-19,3694800
868,WGO,25.0,18.9,2001-09-21,2505800
869,SCI,5.65,4.52,2008-11-21,13684600
870,SCI,3.25,2.64,2002-11-08,3389400
871,SCI,2.97,2.49,2002-07-26,7097200
872,SCI,3.85,2.96,2002-07-19,6175600
873,SCI,4.8,3.6,2002-04-19,20702900
874,SCI,5.25,4.25,2000-05-05,8116200
875,SCI,5.19,4.38,2000-02-11,10538800
876,SCI,6.38,5.0,2000-01-28,13007100
877,JMEI,10.24,8.12,2015-11-13,12367886
878,JMEI,16.4,11.76,2015-08-21,21578591
879,JMEI,17.5,13.5,2014-12-12,9826726
880,JMEI,24.13,18.13,2014-11-21,10083483
881,JMEI,38.3,32.18,2014-08-22,8846309
882,JMEI,28.39,23.05,2014-06-20,10117594
883,CC,4.8,3.98,2016-01-15,23794506
884,CC,8.03,6.39,2015-10-16,9860503
885,CC,8.94,7.06,2015-09-25,13992154
886,CC,16.0,11.66,2015-07-10,37200846
887,CRI,28.56,23.6,2009-10-30,24260700
888,CRI,19.55,15.25,2008-11-21,8316400
889,CRI,21.13,15.43,2008-02-29,13219500
890,CRI,25.75,21.87,2006-07-28,8483000
891,CRI,60.0,25.77,2006-06-09,6109500
892,RYB,26.59,16.45,2017-11-24,11935471
893,TROX,26.73,19.84,2017-12-08,25043400
894,TROX,9.5,8.04,2016-10-14,3666908
895,TROX,6.27,5.17,2016-05-13,5595213
896,TROX,4.02,3.34,2016-01-15,7091227
897,TROX,4.7,3.91,2015-12-31,3415539
898,TROX,5.48,3.99,2015-12-11,7412711
899,TROX,5.54,4.62,2015-11-20,5848764
900,TROX,26.95,22.65,2012-09-28,9152800
901,TROX,115.59,24.79,2012-07-27,1592280
902,TROX,112.0,78.0,2011-09-30,3417500
903,TROX,164.5,129.0,2011-08-05,759200
904,IEX,23.82,20.01,2008-10-24,6393000
905,IEX,54.6,35.87,2007-05-25,1207467
906,IEX,30.55,25.64,2001-09-21,325111
907,ERF,2.72,2.3,2016-01-15,9696409
908,ERF,3.47,2.78,2016-01-08,7718402
909,ERF,4.45,3.62,2015-12-11,9403732
910,ERF,5.91,4.89,2015-09-25,9534730
911,ERF,6.2,5.27,2015-08-21,8114517
912,ERF,11.97,9.31,2014-12-12,9075766
913,ERF,15.83,13.05,2014-11-28,4590757
914,ERF,16.07,12.84,2012-11-09,8772387
915,ERF,31.83,26.8,2011-08-05,9206151
916,ERF,16.4,13.34,2009-03-06,5367784
917,ERF,22.86,18.38,2008-12-05,7227596
918,ERF,22.66,18.57,2008-11-21,7843415
919,ERF,33.0,22.69,2008-10-10,15424681
920,ERF,54.69,44.26,2006-11-03,13869100
921,RMT,12.56,9.79,2014-12-12,1460448
922,RMT,4.33,3.51,2009-03-06,587033
923,RMT,5.65,4.1,2008-11-21,824550
924,RMT,7.3,6.2,2008-10-24,337728
925,RMT,8.5,5.95,2008-10-10,1029794
926,BTA,9.02,7.42,2008-10-10,382787
927,CHA,36.98,29.32,2008-10-24,2094774
928,DSE,4.64,3.41,2016-02-12,1270412
929,DSE,5.42,4.21,2016-01-15,1269432
930,TWTR,20.28,16.75,2017-07-28,167503554
931,TWTR,23.78,19.85,2016-10-07,271361296
932,TWTR,17.2,14.62,2016-04-29,209687501
933,TWTR,50.84,37.84,2015-05-01,305428384
934,TWTR,50.02,41.47,2014-10-31,240797932
935,TWTR,38.52,32.05,2014-05-09,297163100
936,TWTR,65.92,54.35,2014-02-07,159473500
937,NEE,47.48,37.08,2008-10-10,28287900
938,NEE,79.79,40.36,2005-03-18,10188300
939,CLX,40.19,30.06,2000-12-15,20143500
940,CLX,40.69,29.88,2000-03-10,13873300
941,INST,25.05,20.3,2016-11-04,5002985
942,PFL,6.84,5.57,2009-02-27,1698377
943,PFL,7.42,5.59,2008-11-21,906101
944,PFL,9.2,7.63,2008-11-14,515305
945,PFL,9.82,7.37,2008-10-10,1246829
946,CHN,21.98,17.9599,2014-12-19,511458
947,CHN,21.8,18.4736,2008-11-14,818983
948,CHN,24.1,19.15,2008-10-10,1151135
949,CHN,48.19,37.2,2007-12-21,843347
950,GJP,12.61,9.565,2008-11-21,6000
951,GJP,16.05,10.05,2008-10-10,4800
952,TSN,7.95,4.9,2008-11-14,73150700
953,TSN,9.1,7.49,2003-03-07,12695100
954,ECR,2.53,2.15,2017-02-24,3231515
955,ECR,3.26,2.61,2016-07-08,19366845
956,ECR,4.19,3.35,2016-07-01,34475965
957,ECR,1.15,0.81,2016-02-05,3261088
958,ECR,1.51,0.7988,2016-01-15,6204753
959,ECR,1.83,1.53,2016-01-08,2954183
960,ECR,1.93,1.39,2015-12-18,4851615
961,ECR,2.78,2.15,2015-10-30,6197208
962,ECR,3.08,2.42,2015-09-25,5974529
963,ECR,3.56,3.02,2015-09-11,2243712
964,ECR,4.28,3.38,2015-08-21,7239864
965,ECR,4.68,3.91,2015-07-24,6610553
966,ECR,7.0,5.73,2015-01-09,11152304
967,ECR,7.55,5.56,2014-12-12,5057771
968,ECR,10.47,7.89,2014-12-05,5674400
969,ECR,13.04,10.79,2014-11-28,2830265
970,MYJ,11.55,8.19,2008-10-10,193749
971,MTR,13.25,11.25,2017-02-24,63067
972,MTR,12.5,10.15,2016-10-28,73938
973,MTR,10.21,8.57,2016-05-13,109479
974,MTR,7.5,6.27,2015-12-11,44918
975,MTR,11.41,9.58,2015-10-02,38770
976,MTR,11.88,9.55,2015-08-21,82073
977,MTR,22.75,19.23,2015-03-20,108128
978,MTR,52.18,43.49,2010-05-21,61588
979,MTR,29.0,23.5,2009-02-20,25237
980,MTR,34.3,29.0,2009-02-13,23072
981,MTR,52.0,40.2501,2008-11-21,27081
982,MTR,52.0,42.76,2008-10-10,159685
983,MTR,70.0,54.0,2008-10-03,67650
984,CUB,49.17,39.51,2011-08-05,1021500
985,CUB,31.91,26.06,2009-02-27,1332100
986,CUB,22.86,18.96,2006-05-12,860100
987,CUB,29.9,24.06,2003-12-05,1602900
988,CUB,30.15,25.0,2003-09-26,1128400
989,CUB,71.74,27.45,2002-05-03,896600
990,GHL,53.48,45.28,2013-04-19,2499100
991,GHL,66.0,55.73,2008-10-24,898800
992,KND,11.5,9.3,2017-07-28,6080417
993,KND,8.55,6.55,2016-11-11,22190918
994,KND,17.84,13.34,2015-10-02,11474026
995,KND,24.16,19.93,2014-08-08,5532900
996,KND,11.52,9.53,2011-09-23,5361400
997,KND,18.01,14.39,2009-02-27,4775600
998,KND,11.49,9.53,2008-11-21,3743000
999,KND,13.86,11.71,2008-11-14,2295600
1000,KND,21.95,14.06,2008-10-24,3847800
1001,KND,26.84,19.25,2007-08-03,4099900
1002,KND,28.73,20.17,2006-01-20,11243700
1003,KND,47.41,24.84,2004-05-28,1184100
1004,KND,59.77,49.95,2004-03-12,11161200
1005,KND,15.0,12.7,2003-03-28,2716800
1006,KND,15.92,13.05,2002-10-18,2119300
1007,KND,34.25,15.84,2002-10-11,10738000
1008,KND,55.0,46.2,2001-11-09,2839800
1009,EFX,121.53,92.98,2017-09-15,84806400
1010,EFX,24.25,20.47,2001-09-21,3444600
1011,BHLB,31.14,26.02,2009-01-09,279000
1012,SSW,10.12,7.52,2017-02-03,11044693
1013,SSW,12.41,9.73,2016-11-04,5363343
1014,SSW,10.06,6.67,2009-05-01,23266482
1015,SSW,9.4,7.71,2008-12-19,3952287
1016,SSW,8.01,6.18,2008-12-05,3200564
1017,SSW,8.9,4.52,2008-11-21,4422592
1018,SSW,10.34,8.27,2008-11-14,2478360
1019,SSW,13.5,10.7,2008-10-24,1570201
1020,SSW,16.9,11.42,2008-10-10,4044262
1021,KAMN,27.64,23.48,2010-05-07,607600
1022,KAMN,16.78,11.72,2009-02-27,1244100
1023,KAMN,13.16,10.94,2000-07-28,207800
1024,PRGO,29.05,24.46,2009-02-06,20144000
1025,PRGO,36.92,31.33,2008-10-10,8119000
1026,PRGO,41.88,33.35,2008-05-09,15425300
1027,PRGO,6.969,5.688,2000-04-28,6376100
1028,DNB,123.61,100.75,2017-02-10,2351903
1029,DNB,34.69,20.25,2000-10-06,9286000
1030,HAL,50.51,42.2,2014-11-28,105506213
1031,HAL,38.91,31.67,2011-09-23,110929900
1032,HAL,46.05,38.04,2011-08-19,93314800
1033,HAL,55.9,47.09,2011-08-05,87485900
1034,HAL,21.97,18.65,2008-10-24,138819200
1035,HAL,26.3,17.41,2008-10-10,205818500
1036,HAL,33.0,26.8,2008-10-03,117167700
1037,HAL,36.61,30.04,2006-07-21,108747650
1038,HAL,13.17,10.22,2002-01-04,100440700
1039,HAL,22.39,12.0,2001-12-07,106796500
1040,HAL,28.2,23.36,2001-11-02,26754200
1041,HAL,29.4,22.58,2001-09-21,29781200
1042,HAL,42.38,35.81,2000-01-28,17030300
1043,FDS,42.5,35.8,2008-10-24,5810700
1044,FDS,40.25,33.7,2001-06-15,2050068
1045,FDS,28.94,22.44,2000-05-19,2212468
1046,FDS,33.12,27.12,2000-03-24,785534
1047,T,27.48,22.42,2008-10-10,302550000
1048,SNA,28.25,23.44,2000-09-22,3078000
1049,HUM,36.55,23.67,2009-02-27,48464200
1050,HUM,30.6,24.56,2008-11-21,18066300
1051,HUM,36.06,30.63,2008-11-14,17468600
1052,HUM,35.28,29.59,2008-10-31,31261200
1053,HUM,39.23,31.37,2008-10-10,14966000
1054,HUM,63.67,43.98,2008-03-14,126125900
1055,HUM,10.74,8.99,2001-04-06,5712400
1056,HUM,12.4,10.5,2001-03-23,5827000
1057,HUM,13.31,11.0,2001-01-19,4473200
1058,HUM,5.938,5.0,2000-06-09,5934900
1059,HUM,8.5,6.875,2000-02-11,5074800
1060,KMM,5.08,4.27,2008-11-21,438820
1061,KMM,6.3,4.56,2008-10-10,757097
1062,KMM,8.92,7.26,2001-09-21,176300
1063,PPR,4.2,3.2194,2008-10-10,7176945
1064,PPR,7.42,6.1,2001-09-21,3625800
1065,AVT,32.72,27.49,2010-05-07,12914700
1066,AVT,21.21,16.99,2008-10-10,11547500
1067,AVT,32.63,27.54,2008-04-18,17495800
1068,AVT,14.19,11.27,2002-12-06,5422500
1069,AVT,8.37,6.19,2002-10-11,19443500
1070,AVT,10.9,8.35,2002-10-04,9603100
1071,AVT,26.75,19.06,2000-11-24,7402600
1072,AVT,60.0,28.38,2000-09-29,1476650
1073,FOR,13.45,11.02,2015-12-11,3611280
1074,FOR,16.56,14.03,2011-08-05,1759000
1075,FOR,7.37,6.1,2009-03-06,3983800
1076,FOR,8.92,7.52,2009-02-27,4317500
1077,FOR,4.35,3.64,2008-11-21,4287400
1078,FOR,6.56,4.39,2008-11-14,3022500
1079,FOR,8.62,6.44,2008-11-07,3194400
1080,FOR,11.69,7.74,2008-10-24,1662600
1081,FOR,13.42,11.19,2008-10-17,1633100
1082,FOR,23.45,19.6,2008-06-27,3858500
1083,MCI,17.53,14.54,2009-03-06,72900
1084,MCI,24.95,18.75,2008-11-21,49900
1085,MCI,24.01,16.07,2008-10-10,132000
1086,BMS,51.07,25.9,2004-03-05,1848400
1087,BMS,29.19,24.56,2000-10-27,2724500
1088,BH,390.5,320.1,2010-05-07,225000
1089,BH,5.34,3.91,2008-11-14,2018000
1090,BH,6.03,4.94,2008-10-24,1252000
1091,BH,8.31,6.05,2008-10-10,2488000
1092,BH,8.91,7.49,2008-01-18,4337500
1093,BH,13.21,11.15,2007-11-16,2594000
1094,BH,14.6,12.31,2002-07-19,516000
1095,KOS,6.44,5.32,2016-05-06,6334095
1096,KOS,5.23,4.38,2016-01-08,11046212
1097,KOS,6.82,5.51,2015-09-25,6350357
1098,KOS,9.85,8.34,2014-11-28,8054472
1099,KOS,12.8,10.61,2013-02-15,18373900
1100,KOS,15.43,13.08,2011-08-05,2045400
1101,DSM,6.41,4.45,2008-10-10,1022810
1102,ZTR,3.74,3.12,2008-11-14,2581730
1103,ZTR,3.59,2.75,2008-10-10,5733837
1104,ZTR,6.09,5.04,2003-08-01,4998000
1105,ZTR,7.19,6.0,2001-09-21,1801000
1106,BEL,8.64,7.05,2010-07-02,9244877
1107,BEL,9.91,8.37,2010-06-04,10133553
1108,BEL,11.99,9.77,2010-05-21,10565854
1109,BEL,3.76,2.83,2009-03-06,2771794
1110,BEL,4.78,3.82,2009-02-20,2361735
1111,BEL,6.33,5.04,2009-02-13,2824075
1112,BEL,8.58,7.16,2009-01-16,2427128
1113,BEL,6.48,4.24,2008-11-21,5630616
1114,BEL,8.15,6.51,2008-11-14,6634090
1115,BEL,12.39,8.09,2008-11-07,9010330
1116,BEL,14.8,11.91,2008-10-24,3958207
1117,BEL,22.25,14.9,2008-10-10,4424845
1118,BEL,27.37,20.81,2008-10-03,3955657
1119,BEL,35.55,28.0,2008-09-26,3002615
1120,BEL,42.75,30.92,2008-07-11,7346146
1121,BEL,54.8,46.0,2007-07-27,5312800
1122,BEL,15.0,10.68,2001-09-21,1285900
1123,BEL,28.75,19.38,2000-08-11,11034200
1124,ARL,8.16,6.67,2017-03-10,17500
1125,ARL,9.05,7.23,2017-02-24,38300
1126,ARL,6.59,5.32,2016-06-17,104700
1127,ARL,5.72,4.81,2015-04-24,23400
1128,ARL,8.58,6.85,2014-05-09,63700
1129,ARL,2.67,2.1,2012-06-01,12000
1130,ARL,2.07,1.72,2011-12-09,24600
1131,ARL,1.8,1.47,2011-11-11,7400
1132,ARL,2.57,2.1,2011-10-14,51400
1133,ARL,3.2,2.57,2011-07-01,74200
1134,ARL,3.87,3.18,2011-06-24,131800
1135,ARL,2.63,1.87,2011-06-10,47100
1136,ARL,3.33,2.61,2011-06-03,197700
1137,ARL,6.12,4.556,2011-02-11,100800
1138,ARL,7.95,6.2399,2011-01-07,24900
1139,ARL,11.8,8.91,2008-04-04,114800
1140,ARL,10.06,8.4,2003-03-14,30700
1141,ARL,15.5625,6.6875,2000-06-16,159300
1142,MNK,31.05,21.76,2017-11-10,66605394
1143,MNK,66.37,54.59,2016-11-18,25053235
1144,MNK,68.78,54.62,2016-03-18,47745973
1145,MNK,70.0,56.94,2015-11-13,42875526
1146,MNK,81.75,68.45,2015-09-25,17184606
1147,MNK,124.25,100.38,2015-08-07,20907920
1148,TMK,81.86,55.22,2014-07-03,1397433
1149,TMK,31.56,26.63,2009-04-24,13368667
1150,TMK,27.48,22.07,2009-02-20,16531911
1151,TMK,38.2,29.22,2008-11-21,8532445
1152,TMK,51.96,38.34,2008-10-10,7598401
1153,TMK,61.99,51.83,2008-10-03,4737822
1154,HLF,53.1,37.5,2014-11-07,38951715
1155,HLF,66.85,52.57,2014-08-01,28911900
1156,HLF,71.53,60.06,2014-01-24,29239100
1157,HLF,43.44,35.07,2013-02-01,67526200
1158,HLF,44.36,27.27,2012-12-21,105229500
1159,HLF,70.45,46.94,2012-05-04,91493500
1160,HLF,106.83,52.04,2011-05-20,4958250
1161,HLF,19.46,13.64,2009-02-27,9310300
1162,HLF,24.43,20.17,2008-11-07,11017800
1163,HLF,29.55,21.41,2008-10-24,5929000
1164,HLF,37.26,27.55,2008-10-10,7268400
1165,HLF,48.48,40.08,2008-04-25,12852200
1166,HLF,39.66,29.74,2007-01-05,11882400
1167,WAIR,10.45,7.55,2017-08-11,6691283
1168,WAIR,15.3,12.95,2017-02-10,4306687
1169,WAIR,17.14,13.98,2014-11-21,5363997
1170,WAIR,10.85,8.95,2011-10-07,1808500
1171,WAIR,14.4,11.85,2011-08-12,3527700
1172,ALG,23.88,20.21,2010-08-13,488500
1173,ALG,16.28,13.58,2008-10-10,598100
1174,M,29.15,23.61,2017-05-12,43246425
1175,M,37.06,31.22,2016-05-13,82818279
1176,M,48.52,39.1,2015-11-13,91883744
1177,M,10.57,8.6,2008-12-26,26706100
1178,M,7.42,5.73,2008-11-21,108133600
1179,M,11.06,7.52,2008-11-14,70804400
1180,M,14.71,9.92,2008-10-10,90473100
1181,M,19.15,15.19,2008-10-03,52921600
1182,M,18.74,15.58,2008-07-11,67898800
1183,M,29.5,24.31,2000-07-21,21456400
1184,UN,27.06,22.71,2008-10-10,21988622
1185,UN,67.02,22.93,2006-05-26,3360300
1186,IGD,9.11,7.49,2008-11-21,2406198
1187,IGD,10.41,7.596,2008-10-10,4337538
1188,KF,26.85,22.35,2009-01-23,94811
1189,KF,12.79,10.53,2008-11-14,422109
1190,KF,12.32,9.11,2008-10-24,561361
1191,KF,41.62,28.58,2007-11-30,2241866
1192,KF,41.48,34.17,2006-12-29,711800
1193,KF,14.88,12.44,2000-04-14,713000
1194,OMN,9.87,8.19,2016-09-23,3203968
1195,OMN,7.47,5.71,2014-09-26,1314753
1196,OMN,3.9,3.18,2011-09-23,1535900
1197,OMN,5.7,4.82,2011-08-19,1500200
1198,OMN,0.93,0.71,2009-01-16,729700
1199,OMN,0.94,0.7699,2009-01-02,1661900
1200,OMN,1.4,0.94,2008-12-26,698300
1201,OMN,1.25,0.9,2008-11-14,404000
1202,OMN,0.94,0.51,2008-10-24,1799400
1203,OMN,1.8,0.71,2008-10-17,355600
1204,OMN,1.99,1.4,2008-10-10,366900
1205,OMN,2.32,1.95,2008-09-19,391800
1206,OMN,3.46,2.94,2008-06-27,589500
1207,OMN,5.4,4.29,2006-09-22,1276600
1208,OMN,5.96,4.86,2004-02-13,291700
1209,OMN,4.8,4.03,2003-06-20,676400
1210,OMN,3.78,3.12,2003-03-28,347500
1211,OMN,3.89,3.3,2003-01-24,363700
1212,OMN,4.64,3.88,2002-10-11,1492500
1213,OMN,6.72,4.2,2002-08-02,597300
1214,OMN,6.95,5.55,2001-02-23,279500
1215,OMN,7.625,6.313,2000-02-25,515600
1216,TISI,13.2,10.8,2017-08-11,7777113
1217,TISI,24.5,14.25,2017-07-28,14076422
1218,TISI,31.95,26.3,2017-03-10,1427495
1219,TISI,40.94,33.31,2015-10-02,1554259
1220,TISI,46.46,37.45,2013-03-15,1538400
1221,TISI,12.87,10.32,2009-03-06,999500
1222,TISI,16.55,14.02,2009-02-13,1759700
1223,TISI,35.73,30.14,2008-01-18,1168200
1224,TISI,45.71,23.46,2007-08-31,402200
1225,TISI,35.72,29.85,2007-01-05,142700
1226,TISI,32.73,27.43,2006-06-16,1074200
1227,TISI,22.0,18.45,2005-08-12,246100
1228,TISI,7.1,5.66,2003-03-07,315200
1229,TISI,5.9,4.99,2001-09-21,145500
1230,TISI,3.0,2.25,2001-03-30,39200
1231,TISI,4.0,3.125,2001-01-19,104800
1232,TISI,2.25,1.88,2000-10-13,53100
1233,TISI,2.75,2.25,2000-03-24,26300
1234,TPR,47.91,40.38,2017-08-18,43348324
1235,TPR,61.6,51.21,2013-01-25,82966200
1236,TPR,62.1,52.66,2012-08-03,67916300
1237,TPR,54.81,45.96,2011-08-19,31095800
1238,TPR,17.0,14.4,2009-01-23,47806900
1239,TPR,21.85,18.11,2009-01-09,45333300
1240,TPR,20.55,17.18,2008-11-07,35495200
1241,TPR,25.81,21.55,2008-10-03,41463100
1242,TPR,55.68,27.85,2005-04-08,8944600
1243,TPR,54.32,29.3,2003-10-03,5211050
1244,TPR,54.89,25.81,2002-07-05,1768400
1245,TPR,33.01,27.92,2001-03-02,731900
1246,TPR,25.38,21.06,2000-12-15,343300
1247,BPT,26.95,21.45,2018-01-19,5273144
1248,BPT,24.5,19.3,2017-04-13,2551816
1249,BPT,30.05,21.3,2017-02-24,1628841
1250,BPT,16.2,13.77,2016-04-01,2177673
1251,BPT,30.5,19.17,2016-03-11,9532598
1252,BPT,47.11,39.82,2015-08-21,1446607
1253,BPT,108.7,88.33,2012-08-31,7553873
1254,BPT,68.0,57.73,2009-02-20,1122744
1255,BPT,86.06,66.46,2008-10-10,2710419
1256,BPT,73.34,61.3,2005-04-15,2849100
1257,BPT,14.1,11.97,2001-11-16,1073400
1258,BHE,12.27,10.27,2008-10-10,5791700
1259,BHE,17.67,14.31,2008-07-25,6786600
1260,BHE,52.9,34.94,2003-11-14,1714289
1261,BHE,21.12,16.75,2002-10-04,4785156
1262,BHE,29.0,23.99,2002-07-26,4271555
1263,BHE,20.75,15.4,2001-09-21,771199
1264,BHE,24.32,20.47,2001-06-15,1145599
1265,BHE,23.75,19.5,2001-03-30,968934
1266,BHE,27.11,22.4,2001-03-16,1319068
1267,BHE,30.25,25.5,2001-01-26,1802534
1268,BHE,27.81,21.25,2000-12-22,2343244
1269,BHE,32.88,27.56,2000-12-15,1111866
1270,BHE,43.5,36.38,2000-11-10,636666
1271,BHE,46.63,37.38,2000-10-27,2103778
1272,BHE,48.5,39.94,2000-07-28,1253423
1273,BHE,39.94,32.94,2000-04-14,1016623
1274,CMI,95.46,79.91,2011-08-19,22856900
1275,CMI,108.6,92.26,2011-08-05,28904100
1276,CMI,25.85,21.59,2008-11-14,27015600
1277,CMI,32.73,26.95,2008-10-24,24615200
1278,CMI,45.04,37.09,2008-10-03,35829800
1279,CMI,58.0,46.03,2008-09-26,26198000
1280,CMI,50.55,42.92,2008-01-18,18569500
1281,CMI,59.65,49.56,2008-01-11,22366100
1282,CMI,128.1,59.18,2008-01-04,5650300
1283,CMI,148.03,73.67,2007-04-13,4983400
1284,HBM,5.13,4.085,2016-05-06,1507200
1285,HBM,3.16,2.03,2016-01-15,898200
1286,HBM,4.5,3.82,2015-12-11,500100
1287,HBM,5.25,3.94,2015-11-13,730600
1288,HBM,8.55,7.07,2015-01-16,865300
1289,HBM,12.53,10.3,2010-05-07,48200
1290,MFC,16.15,13.66,2010-08-06,24129476
1291,MFC,24.56,20.37,2009-08-07,22573360
1292,MFC,9.8,7.49,2009-03-06,28861196
1293,MFC,13.21,10.52,2009-02-20,18251240
1294,MFC,17.32,14.15,2009-02-13,19092545
1295,MFC,18.76,14.48,2008-11-21,21680117
1296,MFC,22.5,18.76,2008-11-14,16609843
1297,MFC,23.91,19.32,2008-10-24,13775286
1298,MFC,33.37,23.34,2008-10-10,13834426
1299,MLP,16.65,14.15,2017-08-11,524052
1300,MLP,7.84,6.49,2016-09-09,166817
1301,MLP,2.82,2.37,2012-09-21,117765
1302,MLP,3.3199,2.8,2012-09-14,55617
1303,MLP,6.7,5.65,2011-03-18,142067
1304,MLP,7.7,5.6,2010-04-01,275154
1305,MLP,4.03,3.21,2010-01-22,220988
1306,MLP,4.84,3.98,2010-01-15,226308
1307,MLP,7.32,6.1,2009-08-07,205216
1308,MLP,7.48,5.97,2009-04-24,133901
1309,MLP,7.7,5.7,2009-03-06,81914
1310,MLP,10.29,8.51,2009-02-20,53942
1311,MLP,12.08,10.02,2009-01-16,50102
1312,MLP,10.9,8.8,2008-12-05,94927
1313,MLP,13.04,9.75,2008-11-21,119205
1314,MLP,25.0,16.0,2008-10-10,191374
1315,MLP,32.15,27.18,2008-08-01,93599
1316,MLP,17.95,15.0,2002-10-18,28800
1317,XL,3.99,3.38,2009-02-20,47019400
1318,XL,4.3,3.18,2009-01-16,42294800
1319,XL,6.51,2.68,2008-12-12,139959500
1320,XL,6.05,4.64,2008-11-21,38868700
1321,XL,8.52,6.14,2008-11-14,25969800
1322,XL,10.02,8.42,2008-11-07,25083100
1323,XL,9.86,7.21,2008-10-24,36411500
1324,XL,14.76,5.43,2008-10-10,94872200
1325,XL,19.99,16.25,2008-07-11,27990600
1326,XL,23.75,19.87,2008-07-03,21134300
1327,XL,28.1,23.77,2008-06-27,20268700
1328,XL,50.35,39.52,2008-01-18,22010200
1329,XL,62.81,52.99,2007-11-23,17771600
1330,XL,74.5,62.0,2001-09-21,20221100
1331,PEO,21.92,17.52,2008-11-21,426368
1332,PEO,25.16,18.76,2008-10-10,774863
1333,PEO,43.13,28.25,2000-10-20,78801
1334,EPC,134.55,99.9,2015-07-02,4823978
1335,EPC,79.61,66.74,2012-08-03,4876989
1336,EPC,59.7,50.57,2008-10-24,4648724
1337,EPC,79.29,62.95,2008-10-10,6171876
1338,TCI,11.0,8.45,2015-11-20,15400
1339,TCI,12.0,9.07,2014-12-12,78058
1340,TCI,11.53,9.6007,2014-10-03,36496
1341,TCI,7.85,6.59,2013-05-17,167596
1342,TCI,3.15,2.58,2011-08-26,11101
1343,TCI,2.96,2.28,2011-05-20,23064
1344,TCI,5.19,4.19,2011-02-11,148581
1345,TCI,13.22,11.21,2009-07-10,34000
1346,TCI,13.5,10.85,2009-02-27,7551
1347,TCI,18.69,15.4899,2007-05-25,15300
1348,TCI,11.94,9.688,2000-12-22,21200
1349,IFN,30.03,19.8,2008-10-10,5602764
1350,IFN,28.45,24.1,2004-04-30,1617100
1351,IFN,18.19,14.75,2000-04-14,979600
1352,AAC,16.68,7.51,2016-11-04,5511804
1353,AAC,19.76,16.68,2016-10-28,1236503
1354,AAC,22.54,18.79,2016-08-05,1057403
1355,AAC,37.8,17.77,2015-08-07,14060031
1356,AAC,36.03,29.3,2015-03-06,2245804
1357,LPT,34.49,29.23,2011-08-05,5409300
1358,LPT,19.18,13.57,2008-11-21,17787400
1359,LPT,22.59,18.85,2008-11-14,9587400
1360,LPT,26.13,20.0,2008-10-24,9673500
1361,LPT,34.24,25.61,2008-10-17,12113000
1362,AIG,52.88,43.0,2011-01-21,42529800
1363,AIG,18.3,11.74,2009-07-10,216840100
1364,AIG,1.5,1.02,2009-03-27,1239310000
1365,AIG,0.5183,0.35,2009-03-06,293910000
1366,AIG,0.59,0.42,2009-02-27,389244000
1367,AIG,0.792,0.54,2009-02-20,187986000
1368,AIG,1.05,0.85,2009-02-13,179738000
1369,AIG,1.27,1.04,2009-02-06,251832000
1370,AIG,2.09,1.6,2008-11-21,346460000
1371,AIG,2.77,2.08,2008-11-14,511182000
1372,AIG,2.34,1.7,2008-10-24,365694000
1373,AIG,2.94,2.1,2008-10-17,502044000
1374,AIG,3.43,2.33,2008-10-10,769678000
1375,AIG,4.58,3.15,2008-09-26,1371722000
1376,AIG,7.12,3.85,2008-09-19,3263820000
1377,AIG,24.47,12.14,2008-09-12,716148000
1378,AIG,49.14,40.28,2008-05-09,162818000
1379,TDY,36.97,29.49,2009-01-23,5427900
1380,TDY,53.0,42.8,2008-10-10,1820300
1381,TDY,20.12,14.3,2001-02-23,1471800
1382,TDY,23.25,18.44,2001-01-05,829400
1383,TDY,24.5,19.75,2000-12-01,898000
1384,TDY,28.13,23.0,2000-10-27,846000
1385,TDY,29.0,23.44,2000-10-06,1486000
1386,TDY,20.0,15.25,2000-08-04,908900
1387,TDY,17.5,13.88,2000-05-19,933800
1388,TDY,16.44,13.88,2000-04-14,820600
1389,NWHM,11.11,9.29,2016-05-06,385625
1390,NWHM,10.07,8.36,2016-02-05,448139
1391,NWHM,14.9,12.55,2015-12-04,1684747
1392,BTE,2.55,1.63,2016-01-15,12501800
1393,BTE,3.27,2.58,2016-01-08,10110600
1394,BTE,3.82,2.9,2015-12-11,12242300
1395,BTE,4.08,3.18,2015-09-25,10086100
1396,BTE,6.78,4.49,2015-08-21,11528700
1397,BTE,8.17,6.89,2015-08-14,7085000
1398,BTE,11.89,9.79,2015-07-24,4164500
1399,BTE,20.5,16.53,2014-12-05,8459000
1400,BTE,27.63,22.24,2014-11-28,3352600
1401,BTE,14.85,10.67,2008-12-05,2778700
1402,BTE,15.95,12.66,2008-11-21,2727800
1403,BTE,19.7,14.35,2008-10-10,7673700
1404,BTE,21.85,18.05,2006-11-03,3668000
1405,IBA,11.35,9.62,2009-03-06,52490
1406,IBA,13.7199,11.55,2009-02-20,115920
1407,IBA,14.47,12.09,2009-01-16,54926
1408,IBA,18.28,15.5,2008-11-14,50500
1409,IBA,23.1,17.91,2008-10-10,139514
1410,SCS,17.0,13.65,2017-06-23,11218633
1411,SCS,18.4,14.65,2015-12-24,12599362
1412,SCS,7.23,5.72,2011-09-23,10561700
1413,SCS,7.73,6.55,2011-08-19,5177200
1414,SCS,10.05,8.21,2011-08-05,5926700
1415,SCS,8.6,6.16,2008-11-14,2725600
1416,SCS,11.77,9.93,2008-06-27,6987600
1417,SCS,12.9,10.85,2002-09-27,1597700
1418,SCD,7.58,6.21,2008-11-21,825725
1419,SCD,10.18,6.9,2008-10-10,964225
1420,AMP,29.34,24.32,2009-06-12,57385100
1421,AMP,17.76,12.37,2008-11-21,25671900
1422,AMP,21.38,18.0,2008-11-14,22650000
1423,AMP,31.61,21.62,2008-10-10,24742600
1424,AMP,40.09,32.95,2008-10-03,14214600
1425,FFC,7.88,6.25,2009-02-20,880280
1426,FFC,7.28,4.99,2008-11-21,1040474
1427,FFC,7.19,4.31,2008-10-10,2107810
1428,FFC,9.16,7.33,2008-10-03,1621306
1429,GAB,2.77,2.26,2009-03-06,3259526
1430,GAB,3.74,2.89,2008-11-21,3017005
1431,GAB,4.67,3.83,2008-11-14,1930042
1432,GAB,5.0,4.12,2008-10-24,1394199
1433,GAB,5.61,3.7,2008-10-10,5640025
1434,MON,91.25,74.1,2008-11-14,41012200
1435,MON,103.18,83.26,2008-10-03,82410000
1436,MON,24.28,20.02,2002-06-21,3153300
1437,WWE,16.78,13.73,2015-04-02,10708397
1438,WWE,17.35,11.27,2014-05-16,50480900
1439,WWE,27.0,20.29,2014-04-11,17897600
1440,WWE,12.4,9.59,2008-11-21,1710800
1441,WWE,13.0,10.97,2002-07-12,570600
1442,WWE,19.5,15.19,2000-09-29,1403400
1443,WWE,15.88,13.31,2000-04-14,934200
1444,WWE,15.66,11.5,2000-02-04,8487700
1445,DB,33.14,26.24,2009-01-16,9720400
1446,DB,38.92,32.18,2009-01-09,7563300
1447,DB,30.36,24.58,2008-11-21,7751800
1448,DB,39.02,30.7,2008-11-14,7157500
1449,DB,44.22,35.65,2008-10-24,5995800
1450,DB,65.25,45.68,2008-10-10,6265800
1451,DB,54.25,44.25,2001-09-21,319800
1452,APH,99.72,45.7,2014-10-10,6783828
1453,APH,26.68,22.25,2008-11-14,24229600
1454,APH,34.25,28.57,2008-10-10,27826000
1455,APH,41.98,35.15,2008-10-03,78260200
1456,APH,58.75,30.99,2004-04-02,3286400
1457,APH,47.6,40.31,2001-06-15,3460400
1458,APH,45.75,34.31,2000-12-22,12676600
1459,APH,57.56,44.38,2000-12-15,3114200
1460,APH,62.69,52.63,2000-11-24,1498200
1461,APH,111.5,63.75,2000-04-28,1997300
1462,APH,120.0,92.63,2000-04-14,1887400
1463,AVX,14.52,11.9,2002-07-26,2095800
1464,AVX,18.0,15.1,2001-09-21,2904000
1465,AVX,24.63,18.63,2000-12-01,4529600
1466,AVX,29.63,23.5,2000-06-23,7497700
1467,AVX,60.0,32.75,2000-06-02,1685050
1468,AVX,77.5,58.75,2000-05-26,3523700
1469,AVX,69.0,58.56,2000-02-18,6739400
1470,FR,12.06,9.22,2011-08-05,6483100
1471,FR,5.69,4.39,2010-07-02,5478900
1472,FR,6.54,5.25,2009-10-02,20073600
1473,FR,4.415,3.68,2009-07-10,2724900
1474,FR,5.96,4.82,2009-05-15,5554300
1475,FR,3.17,2.45,2009-03-20,6132200
1476,FR,3.24,2.21,2009-02-27,7764900
1477,FR,5.19,3.62,2009-02-13,6177200
1478,FR,9.21,7.03,2008-11-14,7687200
1479,FR,12.95,6.85,2008-10-24,5818800
1480,FR,17.62,12.75,2008-10-17,4799100
1481,FR,19.22,16.25,2008-10-10,10263300
1482,FR,28.31,20.15,2008-10-03,6076700
1483,AHC,12.73,10.7,2014-12-26,485986
1484,AHC,7.61,6.41,2010-08-13,399100
1485,AHC,8.34,6.85,2010-05-21,564800
1486,AHC,3.85,3.23,2009-08-28,902900
1487,AHC,1.6,1.12,2009-05-15,569600
1488,AHC,1.04,0.71,2009-03-06,1489600
1489,AHC,1.49,1.07,2009-02-27,465000
1490,AHC,1.85,1.48,2009-02-20,204700
1491,AHC,2.4,1.99,2009-01-23,278800
1492,AHC,2.4,1.94,2008-12-26,901500
1493,AHC,2.86,2.02,2008-11-21,611100
1494,AHC,3.41,2.87,2008-11-14,696600
1495,AHC,3.88,3.29,2008-10-24,583500
1496,AHC,4.7,3.76,2008-10-17,478100
1497,AHC,5.05,4.15,2008-10-03,769500
1498,AHC,7.0,5.19,2008-09-26,423800
1499,AHC,7.95,6.7,2008-06-20,1488300
1500,AHC,9.42,7.97,2008-06-13,776100
1501,DAR,17.37,14.76,2015-03-06,29104835
1502,DAR,15.26,12.88,2011-09-23,6591900
1503,DAR,4.32,3.09,2009-03-06,10912800
1504,DAR,4.93,4.04,2008-12-05,7578300
1505,DAR,4.54,3.56,2008-11-21,6140600
1506,DAR,6.56,4.57,2008-11-14,7077500
1507,DAR,7.54,6.3,2008-11-07,5359800
1508,DAR,7.51,6.16,2008-10-24,4170700
1509,DAR,9.15,7.55,2008-10-10,7134800
1510,DAR,12.02,9.56,2008-10-03,5150300
1511,DAR,9.71,7.82,2007-07-27,5111700
1512,DAR,4.33,3.53,2005-11-04,584800
1513,DAR,2.91,2.42,2003-09-26,5328000
1514,DAR,1.3,1.0,2002-08-30,45800
1515,DAR,0.88,0.68,2002-04-26,70000
1516,DAR,0.9,0.69,2002-04-12,67400
1517,DAR,0.66,0.55,2002-03-08,42400
1518,DAR,0.64,0.45,2002-02-15,4500
1519,DAR,0.66,0.55,2002-01-18,148600
1520,DAR,0.88,0.7,2001-04-06,10200
1521,DAR,0.5,0.38,2000-12-08,5000
1522,DAR,0.625,0.5,2000-11-03,37100
1523,DAR,0.75,0.62,2000-09-15,39900
1524,DAR,1.56,1.25,2000-04-20,13100
1525,DAR,1.938,1.5,2000-02-04,75300
1526,BKD,15.69,11.8,2016-02-12,49970950
1527,BKD,15.26,12.78,2011-09-23,8096800
1528,BKD,20.9,17.19,2011-08-05,12306600
1529,BKD,4.4,3.65,2009-02-27,3835200
1530,BKD,5.47,4.32,2009-02-20,2290700
1531,BKD,6.77,5.62,2009-02-13,2934900
1532,BKD,5.07,3.15,2008-11-21,5071700
1533,BKD,6.41,4.96,2008-11-14,8753900
1534,BKD,8.81,6.22,2008-11-07,6695600
1535,BKD,8.73,7.01,2008-10-24,4468300
1536,BKD,13.36,8.43,2008-10-17,4407900
1537,BKD,19.51,11.8,2008-10-10,5786600
1538,RHT,37.73,31.87,2011-08-19,19221600
1539,RHT,10.54,8.56,2008-11-21,18791000
1540,RHT,12.94,10.49,2008-11-14,11176400
1541,RHT,18.72,15.63,2006-10-27,192479600
1542,RHT,25.27,21.08,2006-09-29,95598200
1543,RHT,15.47,13.03,2004-12-23,50983900
1544,RHT,15.19,12.62,2004-09-24,54127900
1545,RHT,20.34,15.15,2004-07-16,94883800
1546,RHT,25.34,20.1,2004-06-18,96000800
1547,RHT,6.14,4.98,2002-09-20,12160700
1548,RHT,5.76,4.71,2002-07-26,4673800
1549,RHT,7.1,5.95,2002-03-22,14120000
1550,RHT,7.3,6.15,2002-02-22,6306900
1551,RHT,4.71,4.0,2001-06-29,9611700
1552,RHT,5.38,4.51,2001-06-15,4416400
1553,RHT,5.87,4.3,2001-04-06,5905000
1554,RHT,9.5,6.0,2000-12-22,19302700
1555,RHT,9.06,6.56,2000-12-01,13772200
1556,RHT,9.75,7.94,2000-11-24,13322100
1557,RHT,14.94,11.5,2000-11-10,18000000
1558,RHT,17.22,14.63,2000-10-06,9113000
1559,RHT,20.16,17.06,2000-09-29,10367100
1560,RHT,25.62,18.19,2000-07-28,12175600
1561,RHT,33.06,27.06,2000-06-30,25927000
1562,RHT,29.31,24.75,2000-05-05,14318700
1563,RHT,38.5,24.12,2000-04-14,13518800
1564,RHT,62.75,42.38,2000-03-31,23593900
1565,FBP,6.15,4.74,2015-07-02,16928510
1566,FBP,4.99,3.77,2012-02-17,1250700
1567,FBP,3.63,2.8099,2011-08-19,1146100
1568,FBP,7.1,5.36,2011-01-21,3257200
1569,FBP,0.4,0.3011,2010-09-17,20595000
1570,FBP,0.5136,0.4311,2010-08-27,21954000
1571,FBP,0.57,0.483,2010-07-16,22474500
1572,FBP,0.72,0.47,2010-07-02,13726500
1573,FBP,1.1,0.71,2010-06-25,13626000
1574,FBP,1.73,1.41,2010-05-21,13708500
1575,FBP,2.19,1.64,2010-05-07,16692000
1576,FBP,3.28,2.12,2010-04-30,22354500
1577,FBP,2.59,2.18,2009-10-23,5425500
1578,FBP,4.21,3.38,2009-08-14,5409000
1579,FBP,7.29,5.59,2009-05-15,4309500
1580,FBP,4.65,3.78,2009-02-20,7017000
1581,FBP,6.82,4.95,2009-02-13,12516000
1582,FBP,9.25,7.72,2007-11-02,3204000
1583,FBP,15.02,11.55,2005-10-28,5722500
1584,FBP,38.77,20.11,2005-07-01,1551000
1585,FBP,37.8,23.8,2002-10-04,403750
1586,SXI,30.37,23.87,2010-04-30,436600
1587,SXI,10.71,8.55,2009-03-06,521000
1588,SXI,13.28,10.83,2009-02-27,463000
1589,SXI,25.5,19.2,2008-10-10,784800
1590,SXI,22.5,18.43,2001-09-21,66600
1591,HXL,13.42,10.94,2009-06-12,10159300
1592,HXL,6.18,4.76,2009-03-06,6011800
1593,HXL,8.43,6.79,2009-02-20,4014100
1594,HXL,8.06,6.02,2008-11-21,8255100
1595,HXL,10.0,8.16,2008-11-14,6476600
1596,HXL,13.18,9.97,2008-11-07,6987300
1597,HXL,14.96,10.56,2008-10-03,11026900
1598,HXL,18.97,15.21,2008-09-26,4753800
1599,HXL,7.35,6.0,2003-11-14,427100
1600,HXL,3.65,3.05,2003-05-16,147900
1601,HXL,1.68,1.39,2002-10-18,694000
1602,HXL,2.22,1.58,2002-10-11,456100
1603,HXL,3.4,2.6,2002-09-13,259800
1604,HXL,7.95,4.45,2001-09-21,1442800
1605,HXL,11.05,8.93,2001-07-27,402200
1606,HXL,12.44,9.625,2000-10-20,1315200
1607,XRF,7.8,6.02,2017-12-01,4308496
1608,XRF,9.26,7.6,2017-11-24,2496146
1609,XRF,9.88,7.89,2017-10-27,2158429
1610,NOV,63.53,53.23,2011-09-23,41346600
1611,NOV,81.93,67.48,2011-08-05,35899100
1612,NOV,26.59,20.86,2008-12-05,66818000
1613,NOV,25.64,21.52,2008-11-21,64029100
1614,NOV,37.0,23.42,2008-10-10,116113400
1615,NOV,50.92,41.25,2008-10-03,62834300
1616,NOV,70.5,59.55,2008-01-18,38955700
1617,NOV,19.0,15.5,2001-11-16,5118450
1618,NOV,24.75,20.7,2001-07-13,7632800
1619,NOV,34.63,27.25,2000-09-22,3896900
1620,BIO,85.03,70.01,2008-11-07,1056000
1621,BIO,65.5,33.0,2002-03-08,207900
1622,UGI,53.86,35.04,2014-09-12,5748167
1623,UGI,25.36,19.93,2008-10-10,5445466
1624,UGI,53.2,26.74,2005-05-27,1755000
1625,UGI,45.5,30.83,2003-04-04,1062267
1626,PDS,3.93,3.28,2016-01-08,13417246
1627,PDS,8.18,6.44,2014-11-28,11900672
1628,PDS,11.83,9.41,2011-09-23,10226219
1629,PDS,14.47,11.74,2011-08-19,12445764
1630,PDS,17.66,14.24,2011-08-05,14685567
1631,PDS,5.9,4.8,2009-05-15,18187429
1632,PDS,2.61,2.14,2009-03-06,10243841
1633,PDS,3.15,2.26,2009-02-20,25990969
1634,PDS,3.85,3.22,2009-02-13,30769757
1635,PDS,4.86,3.98,2009-02-06,13168088
1636,PDS,7.76,6.32,2008-12-05,15640633
1637,PDS,10.99,8.84,2008-11-14,8096817
1638,PDS,12.9,9.35,2008-10-10,9050170
1639,PDS,16.59,13.39,2008-10-03,6233965
1640,PDS,45.98,26.3,2005-11-11,458900
1641,PDS,77.73,40.79,2005-06-03,2208100
1642,PDS,25.4,20.99,2001-11-16,2892300
1643,PDS,43.5,36.65,2001-03-16,2575000
1644,DDR,14.81,12.42,2011-08-05,19128100
1645,DDR,5.39,4.15,2009-05-15,33228600
1646,DDR,2.75,1.52,2009-03-06,49448700
1647,DDR,3.18,2.63,2009-02-20,27943800
1648,DDR,5.04,3.44,2009-02-13,34408800
1649,DDR,6.1,5.07,2009-01-23,24962500
1650,DDR,7.61,6.28,2009-01-16,33446800
1651,DDR,5.05,2.75,2008-11-21,39692300
1652,DDR,9.81,5.22,2008-11-14,35915600
1653,DDR,13.13,9.62,2008-11-07,20644500
1654,DDR,16.7,8.08,2008-10-24,53379700
1655,DDR,20.0,16.48,2008-10-17,17262900
1656,DDR,25.28,19.0,2008-10-10,22046400
1657,DDR,33.4,25.63,2008-10-03,7976200
1658,MFL,9.8,7.3,2008-10-10,615963
1659,ITGR,31.49,22.21,2016-07-29,3377517
1660,ITGR,50.6,41.45,2016-01-15,2132403
1661,ITGR,32.68,26.59,2007-09-28,4704900
1662,ITGR,22.22,18.7,2005-01-07,2618200
1663,ITGR,21.8,15.15,2004-08-06,5930800
1664,ITGR,33.7,25.0,2004-05-14,8041300
1665,ITGR,34.04,28.34,2002-02-01,2281000
1666,ITGR,32.28,26.21,2001-05-25,287500
1667,ITGR,24.8,21.05,2001-03-16,59500
1668,UTX,56.0,42.25,2001-09-21,57657900
1669,UTX,62.5,52.25,2000-01-28,13036500
1670,ELY,7.95,6.5,2010-06-18,11271700
1671,ELY,7.53,6.0,2009-06-12,23135800
1672,ELY,11.93,9.49,2008-10-17,6184100
1673,ELY,15.15,11.83,2004-06-18,15351200
1674,ELY,13.85,10.09,2002-09-27,7970200
1675,ELY,15.25,12.9,2001-09-21,4361500
1676,ELY,21.98,15.03,2001-06-08,19866500
1677,ELY,17.0,13.06,2000-01-28,5375200
1678,SAM,51.98,35.91,2007-11-09,3415400
1679,SAM,27.47,22.21,2004-08-27,1703100
1680,TFX,169.61,142.25,2016-10-28,3429897
1681,TFX,58.65,47.34,2008-10-10,2998700
1682,TFX,46.95,35.71,2001-09-21,1442100
1683,DLNG,15.45,13.01,2016-05-06,1237281
1684,DLNG,8.94,7.31,2016-01-15,1067527
1685,DLNG,10.31,7.99,2015-12-18,1148259
1686,DLNG,13.29,11.11,2015-12-04,561832
1687,GYB,9.5,7.65,2009-03-06,70598
1688,GYB,9.9,6.85,2008-11-21,46630
1689,GYB,11.37,8.5,2008-10-10,144210
1690,SFE,18.54,14.95,2011-08-05,1010100
1691,SFE,13.74,10.96,2010-05-07,790500
1692,SFE,0.5,0.37,2009-03-06,2152200
1693,SFE,0.75,0.63,2009-01-16,790800
1694,SFE,0.71,0.6,2008-11-14,1300200
1695,SFE,0.87,0.7,2008-11-07,955200
1696,SFE,0.95,0.8,2008-10-24,847200
1697,SFE,1.06,0.87,2008-10-10,3555600
1698,SFE,1.32,1.12,2008-10-03,1794600
1699,SFE,2.62,2.17,2007-07-27,3127800
1700,SFE,2.15,1.78,2005-01-07,4875000
1701,SFE,3.42,2.6,2004-04-30,4515000
1702,SFE,4.42,3.6,2003-12-05,2629200
1703,SFE,1.69,1.43,2003-01-17,1548600
1704,SFE,2.25,1.89,2002-12-06,1944600
1705,SFE,1.64,1.35,2002-07-26,2785200
1706,SFE,2.38,2.01,2002-05-24,1332600
1707,SFE,3.5,2.75,2002-02-08,2977800
1708,SFE,2.52,2.02,2001-11-02,1536000
1709,SFE,2.13,1.77,2001-09-28,2097600
1710,SFE,3.26,2.61,2001-09-07,1953000
1711,SFE,3.8,3.19,2001-08-31,1388400
1712,SFE,5.0,4.2,2001-07-06,1209000
1713,SFE,6.0,5.09,2001-06-15,1717200
1714,SFE,5.49,3.66,2001-04-06,5081400
1715,SFE,6.59,5.06,2001-03-16,4939200
1716,SFE,11.0,8.85,2001-02-09,4187400
1717,SFE,8.5,7.06,2000-12-15,8748000
1718,SFE,12.81,8.44,2000-12-01,8517000
1719,SFE,19.13,14.38,2000-11-10,6229800
1720,SFE,19.31,15.63,2000-10-06,7277400
1721,SFE,23.44,19.88,2000-09-29,5950800
1722,SFE,37.0,31.13,2000-05-26,5970600
1723,SFE,61.94,35.0,2000-04-14,17521200
1724,SFE,90.63,69.0,2000-03-31,7547400
1725,SFE,167.62,141.0,2000-01-28,6503400
1726,TPX,65.3,53.92,2017-11-03,11012584
1727,TPX,76.07,56.74,2016-09-30,25140582
1728,TPX,43.85,37.05,2013-07-26,10974500
1729,TPX,33.1,25.4,2012-10-26,18859400
1730,TPX,43.52,25.54,2012-06-08,82730000
1731,TPX,86.61,66.53,2012-04-20,22351700
1732,TPX,59.47,48.93,2011-11-25,11191800
1733,TPX,13.2,11.12,2009-05-15,5224100
1734,TPX,5.99,4.46,2009-03-06,5113100
1735,TPX,8.17,6.64,2008-12-12,7198100
1736,TPX,6.64,5.62,2008-11-21,7683300
1737,TPX,12.51,9.29,2008-10-03,8215800
1738,TPX,13.02,11.0,2008-03-28,14883500
1739,TPX,16.86,11.71,2005-09-23,41903800
1740,TPX,21.76,17.96,2005-07-22,26586500
1741,DKL,27.25,22.7,2016-02-12,299639
1742,EFT,8.91,7.14,2008-11-21,939055
1743,EFT,11.27,8.85,2008-10-10,2013574
1744,KEN,12.79,10.8,2017-02-03,48133
1745,KEN,21.08,16.4,2015-07-17,16759
1746,HCC,28.2,20.54,2017-11-24,4662200
1747,HCC,77.93,18.0,2017-04-13,5993259
1748,HCC,25.07,16.75,2008-10-10,7285800
1749,IIF,16.48,13.35,2008-10-24,1058232
1750,IIF,18.01,14.72,2008-10-10,1771372
1751,IIF,33.1,23.19,2008-06-27,1519094
1752,IIF,54.09,45.83,2008-01-18,1680005
1753,IIF,60.85,51.03,2007-12-21,1440400
1754,IIF,12.38,10.5,2000-12-22,235400
1755,IIF,15.31,12.19,2000-04-14,953600
1756,HRL,78.89,41.5,2016-02-12,13949889
1757,HRL,51.57,26.92,2011-02-18,4272000
1758,HRL,35.88,18.0,2000-02-18,1200500
1759,BBVA,12.91,10.32,2010-05-07,25796330
1760,BBVA,13.25,10.0,2008-10-24,4808710
1761,BBVA,15.84,13.02,2008-10-10,4721155
1762,ETB,11.0,8.88,2008-11-21,616171
1763,ETB,12.58,9.9,2008-10-10,1090074
1764,SAH,13.11,10.68,2010-04-30,10691800
1765,SAH,12.68,8.94,2009-10-30,13468100
1766,SAH,13.42,11.02,2009-09-04,5609300
1767,SAH,1.4,0.95,2009-03-06,2782000
1768,SAH,2.01,1.6,2009-02-13,4159200
1769,SAH,2.8,2.15,2009-01-23,2268700
1770,SAH,3.73,2.81,2009-01-16,2106500
1771,SAH,3.37,1.71,2008-11-21,4299300
1772,SAH,4.58,3.37,2008-11-14,2656800
1773,SAH,3.1,2.55,2008-10-24,2935400
1774,SAH,4.99,3.06,2008-10-17,2368400
1775,SAH,7.79,4.26,2008-10-10,3985900
1776,SAH,9.79,7.99,2008-10-03,2479100
1777,SAH,12.46,9.81,2008-09-26,2820100
1778,SAH,10.8,9.17,2008-07-18,8417300
1779,SAH,18.25,15.45,2002-10-04,5336100
1780,SAH,21.78,17.51,2002-08-02,5538300
1781,SAH,27.75,23.1,2002-02-08,3046800
1782,SAH,13.1,10.9,2001-09-21,3085800
1783,EPR,47.16,40.02,2011-08-05,3140700
1784,EPR,19.15,14.91,2009-02-27,8365800
1785,EPR,28.45,20.46,2008-11-21,4971800
1786,EPR,34.25,28.75,2008-11-14,3179300
1787,EPR,39.13,32.95,2008-10-24,2604700
1788,EPR,46.59,38.8,2008-10-17,3808500
1789,SNP,91.96,67.88,2013-07-05,454936
1790,SNP,73.45,57.05,2008-10-24,4595239
1791,IMAX,17.7,14.76,2011-08-19,7367493
1792,IMAX,19.68,16.48,2011-08-05,13879183
1793,IMAX,27.62,18.96,2011-07-29,23918848
1794,IMAX,3.36,2.55,2008-11-21,1166953
1795,IMAX,4.71,3.41,2008-10-10,1580211
1796,IMAX,6.36,4.71,2008-10-03,1081260
1797,IMAX,5.14,4.34,2007-11-09,850502
1798,IMAX,4.75,3.85,2007-08-10,2793106
1799,IMAX,4.76,3.5,2006-11-10,7846141
1800,IMAX,5.72,4.56,2006-08-25,7534786
1801,IMAX,10.23,6.05,2006-08-11,21493924
1802,IMAX,3.7,3.099,2003-02-07,507400
1803,IMAX,4.82,4.011,2002-04-26,616700
1804,IMAX,0.915,0.589,2001-09-21,783700
1805,IMAX,1.35,1.11,2001-08-24,341200
1806,IMAX,2.06,1.72,2001-07-27,438200
1807,IMAX,2.58,2.15,2001-06-15,297000
1808,IMAX,4.938,3.938,2001-01-26,3211100
1809,IMAX,3.938,2.938,2000-12-22,775000
1810,IMAX,5.219,4.031,2000-11-10,1444600
1811,IMAX,5.688,3.875,2000-10-20,6838600
1812,IMAX,16.0,5.281,2000-10-13,15557300
1813,IMAX,21.56,16.94,2000-09-29,5837900
1814,COL,42.71,36.23,2008-10-10,9446000
1815,PCG,52.93,44.57,2017-12-22,76808437
1816,PCG,68.9,57.72,2017-10-13,49096540
1817,PCG,37.4,29.7,2008-10-10,24541400
1818,PCG,12.25,8.81,2002-08-02,33206900
1819,PCG,11.1,7.2,2001-04-06,16090200
1820,PCG,14.35,11.42,2001-03-16,10564000
1821,PCG,11.56,9.75,2001-01-19,33543300
1822,PCG,19.63,12.63,2001-01-05,40297100
1823,PCG,24.06,20.06,2000-12-22,26022500
1824,APU,30.15,23.76,2008-11-21,677064
1825,APU,30.0,19.59,2008-10-10,1832531
1826,URI,56.68,47.91,2016-01-29,24551340
1827,URI,80.51,64.72,2015-07-24,33751252
1828,URI,104.7,88.91,2015-05-29,22229675
1829,URI,37.57,31.11,2012-06-01,16212400
1830,URI,42.61,33.05,2012-05-18,28459600
1831,URI,17.07,13.11,2011-08-19,16669000
1832,URI,23.58,17.65,2011-08-05,23051700
1833,URI,10.69,8.53,2010-07-02,10039700
1834,URI,12.75,10.68,2010-06-25,9299000
1835,URI,14.48,12.12,2010-05-07,11183500
1836,URI,3.95,3.16,2009-03-06,8105600
1837,URI,8.07,6.41,2009-01-16,4035300
1838,URI,7.87,6.34,2008-12-05,6749800
1839,URI,6.22,4.76,2008-11-21,5042300
1840,URI,8.44,6.26,2008-11-14,6270000
1841,URI,10.27,8.25,2008-11-07,5733200
1842,URI,10.19,7.99,2008-10-24,3942500
1843,URI,12.48,10.02,2008-10-10,8523300
1844,URI,15.84,12.78,2008-10-03,7242600
1845,URI,25.11,17.91,2007-12-21,23026400
1846,URI,34.23,23.37,2007-11-16,68502500
1847,URI,28.33,20.3,2006-08-11,17355500
1848,URI,20.3,15.03,2004-09-03,19165100
1849,URI,21.4,17.54,2004-02-27,10577100
1850,URI,8.85,7.05,2002-10-04,3861000
1851,URI,11.0,8.95,2002-09-27,5554000
1852,URI,13.44,11.0,2002-09-20,3266600
1853,URI,14.75,12.44,2000-12-22,5428100
1854,BITA,47.09,39.13,2017-11-17,10376052
1855,BITA,25.33,21.44,2016-05-13,3595156
1856,BITA,29.42,24.91,2015-08-21,6229934
1857,BITA,38.79,30.64,2015-08-07,5568130
1858,BITA,66.4,47.6,2015-03-13,11757282
1859,BITA,87.31,63.53,2015-01-16,12789097
1860,BITA,90.29,74.57,2014-12-05,7001354
1861,BITA,75.51,64.1,2014-10-10,6677962
1862,BITA,16.3,12.86,2013-08-16,1990500
1863,BITA,5.7,4.71,2011-11-11,309200
1864,BITA,9.26,7.79,2011-05-13,207600
1865,BITA,11.9,9.04,2010-12-10,3832900
1866,DRE,14.19,11.53,2011-08-05,17896200
1867,DRE,6.05,4.93,2009-03-20,32373200
1868,DRE,6.88,4.48,2009-03-06,31567900
1869,DRE,10.26,8.27,2009-02-13,21336800
1870,DRE,9.69,4.94,2008-11-21,41978600
1871,DRE,13.28,9.71,2008-11-14,17623500
1872,DRE,15.45,11.87,2008-10-24,13920000
1873,DRE,19.39,16.26,2008-10-10,21335700
1874,DRE,25.29,20.25,2008-10-03,10300800
1875,SEP,20.13,15.91,2008-11-21,456368
1876,SEP,18.6,14.75,2008-10-10,665532
1877,DSW,33.1,25.05,2014-05-30,54315400
1878,DSW,46.02,37.81,2011-08-19,3793800
1879,DSW,8.5,6.93,2009-03-06,1376800
1880,DSW,10.72,8.0,2008-11-21,1895000
1881,DSW,12.95,10.86,2008-11-14,2185000
1882,DSW,14.45,12.14,2008-10-03,1455500
1883,DSW,17.76,13.49,2008-03-28,6684600
1884,GF,23.55,19.99,2013-12-27,351627
1885,GF,9.11,6.56,2008-10-10,623813
1886,GF,11.47,9.67,2008-10-03,236282
1887,EAT,16.52,14.01,2009-10-23,31654800
1888,EAT,7.15,3.99,2008-11-21,19106700
1889,EAT,9.35,7.2,2008-11-14,17221600
1890,EAT,10.41,8.05,2008-10-24,8757800
1891,EAT,13.51,10.34,2008-10-17,9908200
1892,EAT,15.56,11.9,2008-10-10,11396000
1893,EAT,45.4,30.36,2006-12-01,5799434
1894,EAT,36.31,23.94,2001-01-19,1540578
1895,ITUB,12.87,10.88,2017-05-19,70560760
1896,ITUB,12.33,10.31,2009-01-16,54443367
1897,ITUB,11.14,9.22,2008-11-21,51684388
1898,ITUB,11.32,7.48,2008-10-24,56058244
1899,ITUB,13.25,10.05,2008-10-10,57022782
1900,ITUB,28.93,22.01,2008-06-13,34519003
1901,ITUB,54.75,27.46,2007-10-12,15782274
1902,ITUB,120.58,24.23,2005-10-07,1216324
1903,ITUB,18.27,14.7,2002-09-27,622251
1904,ITUB,28.45,21.1,2002-07-26,938170
1905,LZB,30.9,24.1,2017-08-25,8140152
1906,LZB,8.45,6.96,2010-07-02,5731700
1907,LZB,12.62,9.55,2010-06-18,10661700
1908,LZB,14.86,12.63,2010-03-19,4489000
1909,LZB,8.86,7.1,2009-10-30,4475400
1910,LZB,2.78,1.99,2009-05-15,4112600
1911,LZB,0.9,0.6,2009-03-06,3938800
1912,LZB,1.17,0.9,2009-02-27,1885300
1913,LZB,1.22,0.97,2009-01-30,2443000
1914,LZB,1.61,1.21,2009-01-23,1192200
1915,LZB,2.24,1.65,2009-01-16,2478800
1916,LZB,3.14,2.66,2008-12-05,1784900
1917,LZB,4.79,3.15,2008-11-21,3412800
1918,LZB,5.68,4.71,2008-11-07,1987800
1919,LZB,6.59,4.61,2008-10-24,1896400
1920,LZB,7.84,6.54,2008-10-17,1682700
1921,LZB,8.98,7.21,2008-01-11,2615600
1922,LZB,9.14,7.38,2007-09-28,4317200
1923,DAC,2.65,2.1,2017-07-21,2550383
1924,DAC,2.05,1.65,2017-03-24,175037
1925,DAC,2.2,1.8,2017-03-10,517591
1926,DAC,3.49,2.89,2016-09-02,418015
1927,DAC,3.99,3.16,2016-05-06,559024
1928,DAC,3.86,3.26,2011-11-04,193000
1929,DAC,4.51,3.71,2011-08-05,256300
1930,DAC,6.66,5.4,2011-06-10,346100
1931,DAC,5.09,4.27,2010-05-07,702500
1932,DAC,5.94,4.5,2009-09-25,3624400
1933,DAC,4.56,3.73,2009-05-15,1479000
1934,DAC,5.1,4.11,2009-04-24,1774900
1935,DAC,4.32,3.32,2009-03-06,2598300
1936,DAC,5.57,4.22,2009-02-20,1341600
1937,DAC,7.15,5.71,2009-02-13,1136300
1938,DAC,10.17,7.8,2009-01-16,1068000
1939,DAC,6.4,3.18,2008-11-21,934200
1940,DAC,8.39,6.36,2008-11-14,754000
1941,DAC,9.0,7.46,2008-10-24,490300
1942,DAC,11.6,8.5,2008-10-10,946800
1943,DAC,16.91,12.0,2008-10-03,718700
1944,DAC,23.35,19.75,2008-08-01,974600
1945,GNC,4.87,3.72,2017-12-22,30834695
1946,GNC,6.85,5.53,2017-11-24,16933179
1947,GNC,8.3,6.88,2017-10-27,27763151
1948,GNC,11.31,9.47,2017-01-20,17577376
1949,GNC,13.02,10.84,2016-12-23,14675124
1950,GNC,21.07,13.48,2016-10-28,37015733
1951,GNC,27.22,20.41,2016-07-29,20987098
1952,GNC,34.54,24.36,2016-04-29,25595239
1953,GNC,32.15,24.74,2016-01-15,17253229
1954,GNC,36.55,29.75,2015-10-30,37151570
1955,GNC,44.31,37.54,2014-05-09,26441400
