,close,date,low,ticker,weeks of decline,weeks until rebound
0,29.5,20160304,24.74,GNC,12,3
1,28.45,20160226,24.36,GNC,15,2
2,27.11,20160219,19.37,GNC,15,1
3,27.11,20160219,9.47,GNC,25,1
4,27.11,20160219,6.65,GNC,23,1
5,27.11,20160219,3.57,GNC,10,1
6,4.64,20160219,3.31,DAC,4,1
7,4.64,20160219,3.33,DAC,15,1
8,4.64,20160219,3.97,DAC,15,1
9,4.64,20160219,3.76,DAC,12,1
10,4.64,20160219,2.82,DAC,25,1
11,4.64,20160219,2.38,DAC,23,1
12,4.64,20160219,2.2,DAC,26,1
13,4.64,20160219,1.25,DAC,12,1
14,4.64,20160219,1.3,DAC,15,1
15,4.64,20160219,1.4,DAC,20,1
16,28.46,20160708,24.4,LZB,1,21
17,13.97,20170915,12.12,ITUB,20,83
18,12.2,20161014,10.39,ITUB,26,35
19,9.29,20160415,7.96,ITUB,22,9
20,8.41,20160304,6.51,ITUB,18,3
21,8.41,20160304,5.84,ITUB,26,3
22,8.41,20160304,5.75,ITUB,26,3
23,12.2,20161014,10.31,ITUB,24,35
24,12.89,20170210,10.88,ITUB,24,52
25,24.51,20170602,21.01,BHVN,26,4
26,25.3,20160219,20.4,DSW,1,1
27,19.81,20160219,8.53,BITA,1,1
28,19.81,20160219,8.25,BITA,14,1
29,19.81,20160219,10.52,BITA,14,1
30,19.81,20160219,12.86,BITA,14,1
31,36.91,20170811,30.65,BITA,1,78
32,36.91,20170811,31.77,BITA,14,78
33,36.91,20170811,31.92,BITA,14,78
34,30.9,20160923,24.91,BITA,23,32
35,28.26,20160805,24.03,BITA,24,25
36,23.14,20160304,18.3,BITA,26,3
37,19.81,20160219,17.21,BITA,25,1
38,23.14,20160304,18.62,BITA,17,3
39,23.14,20160304,20.11,BITA,1,3
40,23.14,20160304,18.62,BITA,14,3
41,20.94,20160226,17.75,BITA,18,2
42,25.38,20160311,20.74,BITA,14,4
43,36.91,20170811,29.09,BITA,2,78
44,98.12,20161125,82.31,URI,5,41
45,71.27,20160603,59.65,URI,18,16
46,57.49,20160304,45.45,URI,5,3
47,45.19,20161209,38.82,UTL,20,43
48,42.7,20160401,37.1,UTL,22,7
49,30.49,20160219,25.99,IMAX,25,1
50,78.16,20170113,67.88,SNP,2,48
51,19.5,20160226,15.91,SAH,5,2
52,6.86,20160304,5.7,BBVA,1,3
53,6.27,20160226,5.38,BBVA,3,2
54,16.0,20161202,13.38,QCP,25,4
55,42.75,20160219,34.67,HRL,16,1
56,77.93,20160219,18.41,HCC,1,1
57,77.93,20160219,15.86,HCC,9,1
58,13.411,20170602,11.55,KEN,18,68
59,10.5,20160715,9.1,KEN,26,22
60,12.9565,20170127,10.8,KEN,20,50
61,31.25,20160226,24.55,DKL,26,2
62,31.25,20160226,22.7,DKL,9,2
63,31.25,20160226,24.55,DKL,20,2
64,31.25,20160226,22.7,DKL,20,2
65,25.42,20160219,22.0,DKL,26,1
66,55.83,20160219,37.05,TPX,20,1
67,55.83,20160219,43.49,TPX,18,1
68,13.19,20160318,10.75,SFE,1,5
69,13.82,20160401,11.76,SFE,8,7
70,17.17,20170106,14.28,DLNG,9,47
71,9.72,20160304,7.99,DLNG,19,3
72,8.77,20160219,7.31,DLNG,23,1
73,9.72,20160304,7.99,DLNG,22,3
74,8.77,20160219,7.31,DLNG,22,1
75,15.4,20160422,12.85,DLNG,26,10
76,13.54,20160415,10.86,DLNG,3,9
77,165.72,20160603,142.93,TFX,1,16
78,165.72,20160603,142.25,TFX,15,16
79,181.02,20160219,149.12,SAM,15,1
80,188.95,20160226,164.0,SAM,11,2
81,181.02,20160219,156.08,SAM,26,1
82,181.02,20160219,150.04,SAM,18,1
83,101.32,20160408,87.3,UTX,9,8
84,38.09,20160219,33.02,ITGR,26,1
85,38.09,20160219,19.06,ITGR,12,1
86,16.37,20160219,8.64,DDR,5,1
87,16.37,20160219,7.9,DDR,26,1
88,5.92,20170106,5.1,PDS,26,47
89,4.67,20160304,3.65,PDS,5,3
90,4.67,20160304,2.86,PDS,25,3
91,4.67,20160304,2.92,PDS,15,3
92,4.67,20160304,2.86,PDS,15,3
93,4.67,20160304,3.73,PDS,20,3
94,3.15,20160219,2.56,PDS,8,1
95,3.15,20160219,2.53,PDS,23,1
96,3.15,20160219,2.68,PDS,5,1
97,32.5,20160304,27.55,NOV,5,3
98,33.39,20160311,28.47,NOV,24,4
99,7.57,20170505,5.93,XRF,1,1
100,7.57,20170505,5.45,XRF,19,1
101,6.1,20161111,4.75,FBP,8,39
102,5.29,20161007,4.6,FBP,5,34
103,6.1,20161111,4.8,FBP,1,39
104,4.15,20160520,3.45,FBP,8,14
105,3.46,20160422,2.99,FBP,8,10
106,2.88,20160304,2.3,FBP,7,3
107,2.88,20160304,2.43,FBP,3,3
108,2.88,20160304,2.3,FBP,10,3
109,3.15,20160318,2.69,FBP,10,5
110,6.1,20161111,4.66,FBP,10,39
111,65.9,20160219,42.82,RHT,2,1
112,65.9,20160219,45.95,RHT,21,1
113,18.29,20160415,15.2,BKD,23,9
114,13.58,20160219,11.8,BKD,4,1
115,15.73,20160304,13.58,BKD,1,3
116,13.58,20160219,11.39,BKD,4,1
117,14.49,20160226,12.1,BKD,2,2
118,13.58,20160219,9.59,BKD,12,1
119,13.58,20160219,8.99,BKD,24,1
120,11.97,20160304,8.2,DAR,5,3
121,5.81,20160219,4.69,AHC,12,1
122,5.81,20160219,4.4,AHC,16,1
123,5.81,20160219,4.55,AHC,15,1
124,12.63,20160318,10.75,AVX,1,5
125,12.63,20160318,10.78,AVX,21,5
126,56.2,20160304,48.03,APH,1,3
127,16.9,20160219,12.75,DB,13,1
128,15.35,20160219,11.17,WWE,8,1
129,15.35,20160219,11.27,WWE,21,1
130,16.82,20160226,13.73,WWE,21,2
131,17.75,20160311,15.35,WWE,1,4
132,17.59,20160304,14.65,WWE,21,3
133,33.46,20160226,27.48,TEP,22,2
134,50.44,20160520,39.56,TEP,21,14
135,14.93,20160318,12.59,SCS,3,5
136,14.93,20160318,12.92,SCS,21,5
137,14.38,20160311,12.0,SCS,7,4
138,14.93,20160318,12.9,SCS,9,5
139,3.79,20160311,3.18,BTE,10,4
140,1.93,20160219,1.63,BTE,26,1
141,2.22,20160226,1.81,BTE,4,2
142,1.93,20160219,1.63,BTE,21,1
143,3.63,20160304,2.22,BTE,9,3
144,3.63,20160304,2.28,BTE,2,3
145,3.63,20160304,2.22,BTE,21,3
146,10.1,20160226,8.36,NWHM,26,2
147,10.1,20160226,7.68,NWHM,21,2
148,10.1,20160226,8.36,NWHM,15,2
149,10.75,20160304,9.29,NWHM,15,3
150,22.61,20160219,18.57,EQGP,12,1
151,25.01,20160226,19.97,EQGP,15,2
152,21.45,20160219,17.77,AAC,22,1
153,21.45,20160219,16.69,AAC,24,1
154,21.45,20160219,18.07,AAC,1,1
155,21.45,20160219,17.29,AAC,24,1
156,21.45,20160219,7.51,AAC,13,1
157,21.45,20160219,7.24,AAC,21,1
158,21.45,20160219,7.16,AAC,26,1
159,21.45,20160219,7.09,AAC,26,1
160,21.45,20160219,6.5,AAC,26,1
161,10.6,20160219,6.894,TCI,4,1
162,10.6,20160219,6.59,TCI,13,1
163,10.6,20160219,7.82,TCI,13,1
164,10.6,20160219,9.07,TCI,10,1
165,11.23,20160226,9.6007,TCI,13,2
166,10.6,20160219,8.45,TCI,2,1
167,10.6,20160219,8.55,TCI,3,1
168,10.6,20160219,8.45,TCI,13,1
169,10.6,20160219,8.761000000000001,TCI,18,1
170,10.6,20160219,9.2,TCI,13,1
171,22.5,20170602,19.0,TCI,13,68
172,83.41,20160415,71.69,EPC,10,9
173,5.36,20160219,4.06,MLP,5,1
174,5.36,20160219,4.16,MLP,18,1
175,6.32,20160603,5.24,MLP,17,16
176,6.32,20160603,5.35,MLP,13,16
177,7.78,20160902,6.49,MLP,13,29
178,15.0,20170512,12.35,MLP,5,65
179,14.84,20160422,12.75,MFC,1,10
180,9.0,20170901,7.66,HBM,12,81
181,8.0,20170127,6.29,HBM,23,50
182,8.0,20170127,6.81,HBM,15,50
183,8.8,20170210,7.07,HBM,15,52
184,4.98,20160429,3.94,HBM,13,11
185,2.52,20160219,1.85,HBM,23,1
186,2.52,20160219,1.95,HBM,1,1
187,2.52,20160219,1.85,HBM,15,1
188,4.15,20160304,3.1,HBM,15,3
189,4.31,20160422,3.71,HBM,20,10
190,5.45,20160715,4.48,HBM,15,22
191,5.75,20161111,4.8,HBM,24,39
192,7.0,20161125,5.2,HBM,1,41
193,5.75,20161111,4.85,HBM,15,39
194,9.35,20180105,7.95,HBM,15,99
195,22.38,20160318,19.42,BHE,1,5
196,22.38,20160318,19.46,BHE,21,5
197,27.37,20160219,21.98,BPT,21,1
198,27.37,20160219,12.6,BPT,17,1
199,27.37,20160219,13.5,BPT,1,1
200,27.37,20160219,14.21,BPT,7,1
201,27.37,20160219,17.2,BPT,1,1
202,27.37,20160219,18.7,BPT,7,1
203,27.37,20160219,19.3,BPT,7,1
204,47.34,20170630,40.71,TPR,4,72
205,38.78,20160304,33.7,TPR,13,3
206,38.78,20160304,33.66,TPR,20,3
207,35.82,20160219,28.48,TPR,21,1
208,39.05,20161125,33.19,TISI,3,41
209,27.41,20160318,22.9,TISI,18,5
210,30.29,20160401,25.22,TISI,24,7
211,28.57,20160324,24.55,TISI,24,6
212,24.04,20160219,10.75,TISI,23,1
213,10.25,20160902,8.66,OMN,2,29
214,5.93,20160311,5.15,OMN,2,4
215,6.76,20160415,5.71,OMN,11,9
216,5.7,20160304,4.89,OMN,16,3
217,5.7,20160304,4.95,OMN,4,3
218,5.7,20160304,4.89,OMN,11,3
219,8.45,20160708,7.25,OMN,1,21
220,9.85,20160715,7.5,OMN,11,22
221,40.23,20160219,31.22,M,26,1
222,40.23,20160219,22.7,M,25,1
223,40.23,20160219,22.27,M,24,1
224,40.23,20160219,18.36,M,25,1
225,14.23,20160318,12.26,WAIR,4,5
226,12.24,20160219,10.22,WAIR,9,1
227,12.24,20160219,10.6,WAIR,6,1
228,12.24,20160219,7.55,WAIR,26,1
229,12.24,20160219,6.75,WAIR,17,1
230,47.75,20160219,35.07,HLF,8,1
231,57.02,20160311,49.54,HLF,9,4
232,55.15,20160226,46.03,HLF,26,2
233,55.15,20160226,44.83,HLF,26,2
234,55.15,20160226,43.8,HLF,24,2
235,47.75,20160219,30.48,HLF,26,1
236,47.75,20160219,31.01,HLF,8,1
237,59.62,20160520,51.25,TMK,16,14
238,69.24,20160226,56.94,MNK,14,2
239,64.74,20160219,54.62,MNK,25,1
240,64.74,20160219,52.6,MNK,5,1
241,64.74,20160219,43.09,MNK,20,1
242,64.74,20160219,40.29,MNK,3,1
243,64.74,20160219,21.76,MNK,25,1
244,64.74,20160219,21.05,MNK,25,1
245,4.6,20160219,3.79,ARL,4,1
246,4.6,20160219,3.55,ARL,6,1
247,5.09,20160324,4.03,ARL,6,6
248,6.59,20160610,4.67,ARL,6,17
249,6.59,20160610,5.1,ARL,6,17
250,6.59,20160610,5.05,ARL,1,17
251,6.59,20160610,4.81,ARL,20,17
252,5.34,20160603,4.61,ARL,11,16
253,4.6,20160219,3.97,ARL,14,1
254,4.6,20160219,3.9869,ARL,6,1
255,6.59,20160610,5.29,ARL,26,17
256,6.59,20160610,5.1488,ARL,22,17
257,6.59,20160610,5.29,ARL,6,17
258,8.77,20170210,7.23,ARL,6,52
259,7.81,20160930,6.67,ARL,6,33
260,9.52,20160304,8.18,BEL,6,3
261,6.93,20161223,5.97,KOS,1,45
262,4.56,20160226,3.72,KOS,17,2
263,4.56,20160226,3.79,KOS,4,2
264,4.56,20160226,3.72,KOS,2,2
265,4.56,20160226,3.79,KOS,6,2
266,5.44,20160304,4.63,KOS,2,3
267,5.7,20160311,4.81,KOS,6,4
268,7.59,20170519,6.23,KOS,8,66
269,7.86,20170922,6.75,KOS,6,84
270,48.78,20160226,41.52,BMS,17,2
271,20.4,20171124,17.4,FOR,2,93
272,11.15,20160304,8.6,FOR,9,3
273,13.28,20160401,11.11,OMAM,3,7
274,14.03,20160506,12.2,OMAM,2,12
275,41.44,20160226,35.95,AVT,16,2
276,13.19,20171117,11.16,SOGO,2,1
277,44.38,20160610,37.93,HAL,9,17
278,40.84,20160422,33.44,HAL,17,10
279,34.88,20160304,29.11,HAL,25,3
280,119.24,20160513,97.76,DNB,20,13
281,119.24,20160513,100.75,DNB,20,13
282,129.34,20160219,66.39,PRGO,4,1
283,129.34,20160219,67.43,PRGO,22,1
284,29.23,20170217,25.16,ASIX,6,19
285,16.35,20160219,13.33,SSW,18,1
286,16.35,20160219,7.0,SSW,18,1
287,16.35,20160219,5.33,SSW,17,1
288,16.35,20160219,6.12,SSW,18,1
289,16.35,20160219,5.85,SSW,22,1
290,122.59,20160513,105.04,EFX,1,13
291,10.95,20160226,8.54,KND,19,2
292,11.51,20160304,9.91,KND,19,3
293,8.96,20160219,6.55,KND,1,1
294,8.96,20160219,6.7,KND,1,1
295,8.96,20160219,6.55,KND,21,1
296,8.96,20160219,5.9,KND,14,1
297,8.96,20160219,7.45,KND,4,1
298,22.7,20160219,18.99,GHL,13,1
299,22.7,20160219,16.21,GHL,25,1
300,22.7,20160219,14.05,GHL,19,1
301,22.7,20160219,16.8,GHL,23,1
302,54.29,20160219,46.46,ABBV,22,1
303,36.57,20160304,31.59,CUB,1,3
304,40.43,20160318,34.33,CUB,22,5
305,46.85,20160826,40.47,CUB,22,28
306,49.25,20161118,42.2,CUB,1,40
307,13.9,20170127,11.9,MTR,20,50
308,12.35,20161021,9.55,MTR,20,36
309,7.6999,20160219,5.7,MTR,17,1
310,7.6999,20160219,6.27,MTR,23,1
311,10.69,20160429,8.57,MTR,23,11
312,12.35,20161021,10.15,MTR,23,36
313,2.97,20160603,2.42,ECR,17,16
314,2.59,20160506,2.15,ECR,19,12
315,1.77,20160415,1.39,ECR,26,9
316,1.15,20160304,0.7988,ECR,25,3
317,0.8581,20160226,0.7007,ECR,26,2
318,0.8581,20160226,0.7089,ECR,23,2
319,0.8581,20160226,0.7007,ECR,23,2
320,1.53,20160318,1.01,ECR,23,5
321,2.97,20160603,2.49,ECR,17,16
322,2.59,20160506,2.15,ECR,17,12
323,2.43,20160429,2.01,ECR,26,11
324,2.59,20160506,2.13,ECR,14,12
325,2.43,20160429,2.11,ECR,23,11
326,20.84,20170915,18.02,CHN,1,83
327,16.54,20160304,13.79,INST,6,3
328,16.54,20160304,14.24,INST,16,3
329,16.54,20160304,13.79,INST,16,3
330,23.78,20160805,20.3,INST,16,25
331,19.36,20160304,16.8,TWTR,26,3
332,18.31,20160219,15.72,TWTR,26,1
333,18.31,20160219,14.1,TWTR,26,1
334,18.31,20160219,14.02,TWTR,22,1
335,18.31,20160219,14.62,TWTR,16,1
336,18.31,20160219,14.29,TWTR,26,1
337,18.31,20160219,15.58,TWTR,16,1
338,18.84,20160304,15.04,HTH,6,3
339,7.74,20160429,6.66,CNHI,5,11
340,6.95,20160304,5.96,CNHI,21,3
341,8.56,20161125,7.09,CNHI,16,41
342,4.14,20160219,3.41,DSE,10,1
343,5.24,20160304,4.14,DSE,1,3
344,4.14,20160219,3.41,DSE,16,1
345,8.13,20160506,6.93,DSE,16,12
346,7.1,20160415,6.12,RMT,9,9
347,7.91,20160902,6.87,RMT,17,29
348,10.06,20170922,8.6,ERF,6,84
349,10.88,20180112,9.05,ERF,1,100
350,5.45,20160422,4.71,ERF,14,10
351,2.95,20160219,2.3,ERF,25,1
352,3.78,20160304,2.67,ERF,1,3
353,2.95,20160219,2.3,ERF,16,1
354,25.31,20171006,21.0,TROX,14,86
355,11.03,20161125,9.22,TROX,14,41
356,5.49,20160304,4.7,TROX,21,3
357,4.71,20160226,3.34,TROX,25,2
358,4.71,20160226,3.16,TROX,26,2
359,4.71,20160226,3.33,TROX,1,2
360,4.71,20160226,3.16,TROX,16,2
361,5.49,20160304,4.48,TROX,2,3
362,5.49,20160304,4.56,TROX,5,3
363,5.49,20160304,4.48,TROX,16,3
364,5.49,20160304,4.7,TROX,16,3
365,9.37,20160930,8.04,TROX,16,33
366,13.08,20160318,11.13,CIO,3,5
367,13.08,20160318,11.2,CIO,9,5
368,8.13,20160415,7.06,CC,11,9
369,5.79,20160304,4.8,CC,26,3
370,4.9,20160226,3.8,CC,26,2
371,4.9,20160226,3.98,CC,13,2
372,6.38,20160219,5.49,JMEI,26,1
373,6.38,20160219,5.29,JMEI,26,1
374,6.38,20160219,4.07,JMEI,26,1
375,6.38,20160219,3.99,JMEI,25,1
376,6.38,20160219,4.26,JMEI,9,1
377,6.38,20160219,2.12,JMEI,9,1
378,6.38,20160219,2.13,JMEI,13,1
379,6.38,20160219,2.82,JMEI,15,1
380,27.88,20161007,21.9,WGO,2,34
381,22.38,20160401,19.3,WGO,5,7
382,30.7,20161111,25.15,WGO,11,39
383,14.81,20160318,12.3,PRTY,1,5
384,11.01,20160304,8.77,PRTY,13,3
385,11.01,20160304,9.07,PRTY,5,3
386,14.81,20160318,12.47,PRTY,4,5
387,16.25,20160722,13.85,PRTY,12,23
388,40.67,20160422,35.0,BEN,1,10
389,13.62,20160527,11.78,RYI,1,15
390,6.6,20160415,5.73,RYI,22,9
391,6.6,20160415,5.48,RYI,24,9
392,6.6,20160415,5.01,RYI,25,9
393,3.29,20160219,2.85,RYI,25,1
394,4.68,20160304,3.29,RYI,5,3
395,3.29,20160219,2.85,RYI,4,1
396,10.55,20160513,8.95,RYI,15,13
397,10.55,20160513,9.06,RYI,4,13
398,10.03,20160506,8.65,RYI,20,12
399,8.88,20160429,7.7,RYI,24,11
400,62.14,20160219,37.56,CRM,8,1
401,18.26,20160916,15.65,TECK,1,31
402,14.38,20160701,11.07,TECK,9,20
403,14.38,20160701,11.64,TECK,26,20
404,14.38,20160701,11.07,TECK,4,20
405,8.47,20160318,7.13,TECK,2,5
406,5.95,20160219,3.1,TECK,25,1
407,5.95,20160219,3.16,TECK,4,1
408,8.47,20160318,7.36,TECK,4,5
409,12.25,20160429,10.46,TECK,4,11
410,20.5,20161021,17.47,TECK,25,36
411,18.26,20160916,14.94,TECK,26,31
412,5.27,20160311,4.54,HIVE,25,4
413,4.89,20160219,3.97,HIVE,24,1
414,4.89,20160219,3.29,HIVE,23,1
415,4.89,20160219,3.32,HIVE,4,1
416,20.82,20160812,17.65,GSBD,21,26
417,12.85,20160219,9.14,NAT,2,1
418,12.85,20160219,7.57,NAT,12,1
419,12.85,20160219,8.0,NAT,14,1
420,12.85,20160219,7.27,NAT,26,1
421,14.69,20160318,12.42,NAT,1,5
422,12.85,20160219,8.45,NAT,2,1
423,12.85,20160219,7.66,NAT,1,1
424,12.85,20160219,7.03,NAT,2,1
425,12.85,20160219,4.21,NAT,26,1
426,12.85,20160219,2.46,NAT,2,1
427,12.85,20160219,2.52,NAT,6,1
428,11.82,20160304,9.87,LQ,5,3
429,7.99,20170217,6.4,FIG,22,53
430,5.15,20160415,4.35,FIG,21,9
431,4.74,20160226,4.0,FIG,25,2
432,9.85,20160715,8.09,HSC,21,22
433,7.41,20160422,5.99,HSC,25,10
434,5.98,20160219,3.9,HSC,22,1
435,5.98,20160219,4.66,HSC,1,1
436,5.98,20160219,3.9,HSC,24,1
437,13.95,20161202,12.1,HSC,24,42
438,8.42,20161125,7.03,VALE,7,41
439,6.9,20161028,5.67,VALE,15,37
440,5.67,20160429,4.73,VALE,26,11
441,4.38,20160304,3.15,VALE,11,3
442,2.94,20160219,2.27,VALE,17,1
443,2.94,20160219,2.37,VALE,13,1
444,4.38,20160304,2.71,VALE,13,3
445,4.48,20160408,3.83,VALE,13,8
446,5.67,20160429,4.78,VALE,13,11
447,9.58,20170113,7.88,VALE,16,48
448,44.25,20160311,37.43,MET,5,4
449,20.17,20171222,17.35,POT,11,97
450,18.44,20160304,15.42,POT,20,3
451,18.44,20160304,15.89,POT,13,3
452,30.32,20160304,25.07,RIO,13,3
453,30.32,20160304,25.52,RIO,13,3
454,28.7,20160304,23.72,BLD,17,3
455,6.41,20160304,5.34,GNRT,5,3
456,6.41,20160304,5.4,GNRT,25,3
457,6.03,20160219,5.24,GNRT,26,1
458,6.03,20160219,4.44,GNRT,26,1
459,6.03,20160219,3.59,GNRT,21,1
460,6.03,20160219,3.91,GNRT,13,1
461,6.03,20160219,3.59,GNRT,13,1
462,25.09,20170505,21.39,AZUL,13,3
463,28.93,20160219,24.57,VOYA,25,1
464,69.97,20171222,59.03,NUS,25,97
465,51.1,20160715,41.5,NUS,24,22
466,47.18,20160701,39.4,NUS,17,20
467,47.18,20160701,40.16,NUS,5,20
468,44.11,20160617,36.64,NUS,22,18
469,38.89,20160401,33.0,NUS,18,7
470,32.83,20160304,28.13,NUS,19,3
471,35.23,20160311,29.14,NUS,1,4
472,59.5,20160805,47.78,NUS,8,25
473,59.5,20160805,48.23,NUS,1,25
474,74.3,20161111,60.45,TNC,5,39
475,14.98,20160408,12.6,BWP,4,8
476,4.57,20160318,3.58,ASPN,14,5
477,4.57,20160318,3.78,ASPN,3,5
478,4.57,20160318,3.58,ASPN,2,5
479,4.57,20160318,3.94,ASPN,2,5
480,4.76,20160429,3.98,ASPN,23,11
481,4.76,20160429,4.01,ASPN,2,11
482,4.76,20160429,4.06,ASPN,4,11
483,55.34,20160520,46.92,MMS,26,14
484,9.99,20160318,8.58,SCM,3,5
485,9.34,20160304,8.0,SCM,6,3
486,78.67,20160422,64.39,EQM,1,10
487,72.11,20160219,60.52,EQM,5,1
488,191.06,20160219,117.31,AYI,6,1
489,5.58,20160318,4.79,LEJU,17,5
490,4.01,20160304,3.39,LEJU,25,3
491,5.04,20160311,3.64,LEJU,4,4
492,4.01,20160304,3.39,LEJU,3,3
493,5.04,20160311,3.76,LEJU,18,4
494,5.04,20160311,3.54,LEJU,17,4
495,3.79,20160219,3.16,LEJU,26,1
496,3.79,20160219,1.8,LEJU,26,1
497,3.79,20160219,1.43,LEJU,8,1
498,3.79,20160219,1.42,LEJU,25,1
499,8.17,20160304,5.68,SXCP,25,3
500,8.17,20160304,5.97,SXCP,5,3
501,8.42,20160311,7.28,SXCP,2,4
502,16.75,20161021,14.5,SXCP,9,36
503,18.45,20161104,14.9,SXCP,2,38
504,19.65,20161111,16.45,SXCP,2,39
505,21.71,20160422,16.96,EEP,24,10
506,18.33,20160318,15.57,EEP,10,5
507,19.19,20160415,16.01,EEP,5,9
508,21.71,20160422,17.48,EEP,18,10
509,18.33,20160318,15.42,EEP,20,5
510,14.77,20160311,12.29,NYLD,18,4
511,13.5,20160304,11.11,NYLD,20,3
512,21.87,20160219,13.0,AMC,2,1
513,21.87,20160219,11.0,AMC,14,1
514,21.87,20160219,11.9,AMC,7,1
515,14.66,20170210,12.63,HTGC,25,52
516,21.56,20160304,17.31,AB,4,3
517,23.37,20160318,19.45,AB,21,5
518,24.75,20170721,21.34,AB,21,75
519,99.841,20160624,51.43,DYNC,26,1
520,15.98,20160819,13.6,VIPS,12,27
521,12.66,20160311,10.95,VIPS,25,4
522,12.56,20160219,10.49,VIPS,15,1
523,12.56,20160219,10.89,VIPS,4,1
524,12.56,20160219,10.49,VIPS,21,1
525,12.56,20160219,8.79,VIPS,19,1
526,12.56,20160219,7.88,VIPS,15,1
527,12.56,20160219,8.41,VIPS,1,1
528,21.74,20160304,18.58,CLI,15,3
529,22.32,20160219,18.28,TBI,9,1
530,22.32,20160219,17.85,TBI,26,1
531,22.32,20160219,16.95,TBI,26,1
532,22.32,20160219,17.85,TBI,15,1
533,25.09,20160304,21.55,TBI,15,3
534,63.56,20170526,53.75,DATA,2,67
535,63.56,20170526,53.5,DATA,16,67
536,66.5,20170623,56.23,DATA,16,71
537,71.31,20170804,61.02,DATA,16,77
538,48.17,20160415,40.25,DATA,21,9
539,48.17,20160415,41.33,DATA,16,9
540,3.54,20160304,2.6,SDLP,26,3
541,2.3,20160226,1.81,SDLP,22,2
542,2.3,20160226,1.95,SDLP,1,2
543,2.3,20160226,1.81,SDLP,16,2
544,3.62,20160311,3.12,SDLP,25,4
545,3.54,20160304,3.03,SDLP,12,3
546,3.54,20160304,2.96,SDLP,17,3
547,3.54,20160304,2.69,SDLP,23,3
548,62.12,20160219,20.68,WCN,9,1
549,7.64,20160219,5.23,EVC,5,1
550,7.64,20160219,3.95,EVC,7,1
551,7.64,20160219,4.59,EVC,10,1
552,7.64,20160219,6.17,EVC,9,1
553,7.92,20160304,6.67,EVC,24,3
554,7.64,20160219,6.5,EVC,1,1
555,7.64,20160219,5.1,EVC,11,1
556,34.37,20160226,28.38,GBL,5,2
557,15.3,20160401,12.86,ARES,5,7
558,12.71,20160304,11.05,ARES,12,3
559,5.57,20160219,4.58,PAR,1,1
560,5.57,20160219,4.14,PAR,24,1
561,5.57,20160219,4.5,PAR,23,1
562,5.57,20160219,4.8,PAR,9,1
563,9.17,20160304,7.64,WPG,1,3
564,9.17,20160304,7.54,WPG,14,3
565,9.17,20160304,7.81,WPG,10,3
566,8.54,20160226,6.75,WPG,12,2
567,6.33,20160219,3.58,PZE,16,1
568,6.33,20160219,4.5,PZE,2,1
569,6.33,20160219,4.49,PZE,5,1
570,6.33,20160219,5.25,PZE,3,1
571,14.53,20160226,11.42,STAY,13,2
572,19.8,20170623,16.81,STAY,2,71
573,14.75,20160304,12.43,AMX,1,3
574,13.04,20160219,11.26,AMX,1,1
575,13.04,20160219,11.25,AMX,17,1
576,26.49,20160304,21.95,GBX,1,3
577,26.49,20160304,21.49,GBX,4,3
578,52.1,20171103,45.0,GBX,10,90
579,34.29,20160819,29.12,GBX,25,27
580,26.49,20160304,22.31,GBX,21,3
581,26.9,20160311,23.05,GBX,6,4
582,36.59,20161007,30.7,GBX,4,34
583,72.32,20160219,50.76,TGT,16,1
584,58.24,20160304,49.8,GPI,13,3
585,65.84,20160429,53.92,GPI,19,11
586,68.56,20161202,58.74,APC,1,42
587,38.02,20160226,32.02,APC,9,2
588,45.26,20160304,35.35,APC,6,3
589,38.02,20160226,32.02,APC,4,2
590,48.2,20160219,33.14,CUK,2,1
591,48.2,20160219,34.1,CUK,4,1
592,48.2,20160219,35.34,CUK,4,1
593,33.62,20161118,27.96,PAGP,2,40
594,33.62,20161118,18.51,PAGP,2,40
595,8.74,20160318,7.5,PAGP,19,5
596,7.13,20160219,6.04,PAGP,14,1
597,33.62,20161118,20.2,PAGP,11,40
598,80.83,20160219,67.5,CAH,6,1
599,80.83,20160219,64.38,CAH,17,1
600,14.52,20171117,12.54,ALDW,25,92
601,12.85,20160311,10.57,ALDW,18,4
602,15.58,20171124,13.36,ALDW,1,93
603,12.85,20160311,10.57,ALDW,7,4
604,14.52,20171117,12.59,ALDW,1,92
605,14.52,20171117,12.5,ALDW,7,92
606,15.58,20171124,12.9,ALDW,7,93
607,12.85,20160311,9.18,ALDW,24,4
608,10.43,20160219,8.14,ALDW,4,1
609,10.43,20160219,7.98,ALDW,1,1
610,10.43,20160219,8.01,ALDW,7,1
611,12.85,20160311,11.08,ALDW,7,4
612,82.65,20170407,71.75,PRI,2,60
613,34.1,20161216,28.15,BRSS,1,44
614,37.3,20160304,29.92,LAZ,25,3
615,33.05,20161125,26.62,CAL,5,41
616,28.09,20160226,23.05,CAL,26,2
617,25.16,20160304,19.33,SHOP,25,3
618,25.16,20160304,19.89,SHOP,9,3
619,25.16,20160304,19.33,SHOP,9,3
620,32.32,20160715,27.72,SHOP,9,22
621,46.9,20170106,39.05,SHOP,9,47
622,86.84,20160219,73.66,ABC,1,1
623,86.84,20160219,69.14,ABC,25,1
624,30.76,20171103,26.35,RYN,17,90
625,10.46,20160805,7.86,AMBR,15,25
626,8.1,20160708,6.99,AMBR,26,21
627,4.37,20160219,3.67,AMBR,16,1
628,5.2,20160304,3.92,AMBR,4,3
629,5.2,20160304,4.3,AMBR,1,3
630,5.2,20160304,3.92,AMBR,20,3
631,7.48,20160624,6.48,AMBR,14,19
632,18.19,20160422,14.99,CEQP,7,10
633,18.19,20160422,12.97,CEQP,24,10
634,18.19,20160422,10.73,CEQP,7,10
635,10.17,20160219,6.58,CEQP,18,1
636,10.17,20160219,5.83,CEQP,23,1
637,10.17,20160219,4.8,CEQP,26,1
638,10.17,20160219,4.48,CEQP,26,1
639,10.17,20160219,4.15,CEQP,26,1
640,10.17,20160219,2.38,CEQP,19,1
641,10.17,20160219,2.05,CEQP,17,1
642,10.17,20160219,2.31,CEQP,9,1
643,10.17,20160219,2.05,CEQP,9,1
644,10.17,20160219,8.09,CEQP,13,1
645,11.21,20160401,9.02,CEQP,9,7
646,10.17,20160219,8.09,CEQP,9,1
647,57.73,20160603,49.39,CIR,26,16
648,39.84,20160226,33.91,CIR,2,2
649,42.73,20160304,35.92,CIR,9,3
650,56.45,20160429,48.14,CIR,9,11
651,49.52,20160422,42.96,CIR,19,10
652,49.71,20160819,42.89,OKE,5,27
653,45.19,20160610,38.83,OKE,26,17
654,23.01,20160226,18.93,OKE,2,2
655,26.36,20160304,20.31,OKE,23,3
656,17.99,20160527,15.01,PLNT,21,15
657,15.78,20160415,13.68,PLNT,25,9
658,17.99,20160527,15.41,PLNT,24,15
659,9.5,20160805,8.13,IRT,5,25
660,10.63,20160923,9.0,IRT,23,32
661,26.8,20160219,21.68,PBF,2,1
662,26.8,20160219,22.77,PBF,23,1
663,26.8,20160219,23.0,PBF,5,1
664,28.98,20160226,24.74,PBF,23,2
665,31.59,20160304,26.8,PBF,26,3
666,28.98,20160226,23.36,PBF,20,2
667,26.8,20160219,19.99,PBF,21,1
668,26.8,20160219,22.19,PBF,26,1
669,30.54,20160226,25.64,GME,9,2
670,28.19,20160219,20.73,GME,10,1
671,28.19,20160219,20.7,GME,20,1
672,28.19,20160219,20.59,GME,12,1
673,28.19,20160219,19.15,GME,24,1
674,37.82,20160219,20.06,KR,15,1
675,37.82,20160219,22.29,KR,23,1
676,10.0,20170929,8.51,NR,8,85
677,10.0,20170929,8.48,NR,26,85
678,6.93,20160805,5.5,NR,15,25
679,5.27,20160422,4.44,NR,21,10
680,4.26,20160304,3.54,NR,26,3
681,4.26,20160304,3.62,NR,23,3
682,5.27,20160422,4.37,NR,1,10
683,5.27,20160422,4.35,NR,23,10
684,7.8,20161125,6.75,NR,23,41
685,9.22,20160219,7.32,BCS,2,1
686,3.23,20160603,2.77,PQ,21,16
687,2.53,20160527,2.02,PQ,18,15
688,2.1,20160520,1.21,PQ,21,14
689,2.1,20160520,1.15,PQ,15,14
690,2.1,20160520,1.12,PQ,25,14
691,0.4941,20160219,0.33,PQ,21,1
692,0.4941,20160219,0.37,PQ,4,1
693,0.4941,20160219,0.33,PQ,23,1
694,0.4941,20160219,0.3701,PQ,23,1
695,0.6,20160311,0.4941,PQ,23,4
696,0.5306,20160304,0.45,PQ,23,3
697,0.62,20160318,0.53,PQ,23,5
698,2.1,20160520,0.7911,PQ,23,14
699,2.53,20160527,1.9,PQ,1,15
700,2.1,20160520,1.77,PQ,23,14
701,3.23,20160603,2.35,PQ,26,16
702,2.53,20160527,2.16,PQ,21,15
703,2.1,20160520,1.77,PQ,17,14
704,2.1,20160520,1.74,PQ,24,14
705,2.1,20160520,1.68,PQ,17,14
706,2.1,20160520,1.58,PQ,25,14
707,11.87,20160429,9.73,ENBL,8,11
708,6.88,20160304,5.52,ENBL,22,3
709,6.88,20160304,5.98,ENBL,10,3
710,16.11,20161111,13.85,ENBL,11,39
711,10.78,20160219,5.81,GTN,1,1
712,10.78,20160219,6.01,GTN,10,1
713,10.78,20160219,7.05,GTN,10,1
714,11.75,20160226,9.83,GTN,2,2
715,10.78,20160219,7.26,GTN,8,1
716,10.78,20160219,8.57,GTN,1,1
717,10.78,20160219,7.26,GTN,10,1
718,12.85,20160429,11.15,GTN,3,11
719,12.5,20160304,10.4,GTN,25,3
720,11.75,20160226,9.9,GTN,25,2
721,10.78,20160219,8.1,GTN,25,1
722,10.78,20160219,9.15,GTN,1,1
723,10.78,20160219,8.1,GTN,10,1
724,15.7,20170929,13.1,GTN,10,85
725,15.7,20170929,13.5,GTN,10,85
726,21.03,20170714,18.06,TDF,4,74
727,17.06,20160401,14.81,TDF,25,7
728,18.2,20161202,15.09,MRO,5,42
729,8.03,20160226,6.73,MRO,9,2
730,11.0,20160304,8.03,MRO,1,3
731,8.03,20160226,6.73,MRO,11,2
732,13.01,20160415,10.29,MRO,11,9
733,13.01,20160415,11.05,MRO,1,9
734,13.01,20160415,10.87,MRO,11,9
735,63.99,20160219,42.13,CPK,3,1
736,28.56,20160304,24.73,POL,4,3
737,6.88,20160226,5.67,CALX,15,2
738,5.94,20160219,4.65,CALX,4,1
739,5.94,20160219,5.04,CALX,14,1
740,8.8,20160722,7.43,CYS,8,23
741,8.52,20160603,7.33,CYS,25,16
742,38.37,20160318,31.95,ST,5,5
743,12.05,20160304,10.34,VSH,1,3
744,12.16,20160311,10.55,VSH,16,4
745,46.72,20160219,15.26,DAL,2,1
746,46.72,20160219,14.39,DAL,16,1
747,46.72,20160219,32.91,DAL,16,1
748,82.71,20160219,67.41,KSU,14,1
749,98.22,20160422,81.98,KSU,16,10
750,64.27,20160219,35.68,SOR,2,1
751,21.85,20160219,12.64,WD,9,1
752,21.85,20160219,12.96,WD,16,1
753,23.65,20160226,20.4,WD,1,2
